{
  "type": "FeatureCollection",
  "features": [
    {
      "type": "Feature",
      "properties": {
        "id": 5620862,
        "line": "4",
        "name": "Línia 4: Mas del Rosari => Dr. Lluch",
        "color": "#0B60A6",
        "source": "osm"
      },
      "geometry": {
        "type": "LineString",
        "coordinates": [
          [
            -0.4363199,
            39.5253749
          ],
          [
            -0.4363553,
            39.5253463
          ],
          [
            -0.4363765,
            39.525319
          ],
          [
            -0.4363924,
            39.5252971
          ],
          [
            -0.4364075,
            39.5252589
          ],
          [
            -0.4364136,
            39.5252214
          ],
          [
            -0.4364107,
            39.5251783
          ],
          [
            -0.4364004,
            39.5251402
          ],
          [
            -0.4363818,
            39.525106
          ],
          [
            -0.4363597,
            39.525076
          ],
          [
            -0.4363291,
            39.5250468
          ],
          [
            -0.4362889,
            39.5250221
          ],
          [
            -0.4362429,
            39.5250044
          ],
          [
            -0.4362022,
            39.5249934
          ],
          [
            -0.4361557,
            39.5249849
          ],
          [
            -0.4358576,
            39.5249353
          ],
          [
            -0.4355013,
            39.5248748
          ],
          [
            -0.435451,
            39.5248644
          ],
          [
            -0.4354129,
            39.5248501
          ],
          [
            -0.435374,
            39.524831
          ],
          [
            -0.4353377,
            39.5248057
          ],
          [
            -0.4353179,
            39.5247913
          ],
          [
            -0.4351161,
            39.5246144
          ],
          [
            -0.4349684,
            39.5244793
          ],
          [
            -0.4348596,
            39.5243799
          ],
          [
            -0.4341106,
            39.5237151
          ],
          [
            -0.4340832,
            39.5236905
          ],
          [
            -0.4331599,
            39.5228633
          ],
          [
            -0.4327161,
            39.5224638
          ],
          [
            -0.4325982,
            39.5223577
          ],
          [
            -0.4321509,
            39.5219558
          ],
          [
            -0.432,
            39.5218198
          ],
          [
            -0.4317286,
            39.5215753
          ],
          [
            -0.4314593,
            39.5213362
          ],
          [
            -0.4314262,
            39.5213056
          ],
          [
            -0.4312567,
            39.5211485
          ],
          [
            -0.4311241,
            39.5210124
          ],
          [
            -0.4310104,
            39.5208865
          ],
          [
            -0.4309375,
            39.5207988
          ],
          [
            -0.4308195,
            39.5206448
          ],
          [
            -0.4307131,
            39.520493
          ],
          [
            -0.4305936,
            39.5202974
          ],
          [
            -0.430493,
            39.520122
          ],
          [
            -0.4303239,
            39.5198319
          ],
          [
            -0.4302307,
            39.5196746
          ],
          [
            -0.4301388,
            39.5195306
          ],
          [
            -0.4300864,
            39.5194587
          ],
          [
            -0.430015,
            39.5193744
          ],
          [
            -0.4299479,
            39.519308
          ],
          [
            -0.4298576,
            39.5192316
          ],
          [
            -0.4297555,
            39.5191608
          ],
          [
            -0.4296579,
            39.5191057
          ],
          [
            -0.4295573,
            39.5190573
          ],
          [
            -0.4294539,
            39.5190202
          ],
          [
            -0.4293416,
            39.5189865
          ],
          [
            -0.4292265,
            39.5189606
          ],
          [
            -0.4291172,
            39.5189449
          ],
          [
            -0.4290195,
            39.5189359
          ],
          [
            -0.4289204,
            39.5189325
          ],
          [
            -0.4288155,
            39.5189359
          ],
          [
            -0.4286814,
            39.518946
          ],
          [
            -0.4285532,
            39.5189606
          ],
          [
            -0.4282554,
            39.5189971
          ],
          [
            -0.4280985,
            39.5190236
          ],
          [
            -0.4280066,
            39.5190461
          ],
          [
            -0.4279206,
            39.5190742
          ],
          [
            -0.4278143,
            39.5191259
          ],
          [
            -0.4277356,
            39.5191844
          ],
          [
            -0.4276685,
            39.5192574
          ],
          [
            -0.4276258,
            39.5193209
          ],
          [
            -0.4275922,
            39.5193861
          ],
          [
            -0.4275689,
            39.5194603
          ],
          [
            -0.4275456,
            39.5195413
          ],
          [
            -0.4275281,
            39.5196503
          ],
          [
            -0.4275077,
            39.519756
          ],
          [
            -0.427496,
            39.51981
          ],
          [
            -0.4274771,
            39.5198673
          ],
          [
            -0.4274567,
            39.5199213
          ],
          [
            -0.4274392,
            39.5199561
          ],
          [
            -0.4274203,
            39.5199854
          ],
          [
            -0.4274013,
            39.520018
          ],
          [
            -0.4273707,
            39.5200562
          ],
          [
            -0.4273386,
            39.5200922
          ],
          [
            -0.4272862,
            39.5201416
          ],
          [
            -0.427222,
            39.5201855
          ],
          [
            -0.4271521,
            39.520226
          ],
          [
            -0.4270865,
            39.5202563
          ],
          [
            -0.4270282,
            39.5202799
          ],
          [
            -0.4269568,
            39.5202979
          ],
          [
            -0.4268839,
            39.5203125
          ],
          [
            -0.4268198,
            39.5203204
          ],
          [
            -0.4267411,
            39.5203238
          ],
          [
            -0.4266536,
            39.5203215
          ],
          [
            -0.4265779,
            39.5203114
          ],
          [
            -0.4264992,
            39.5202957
          ],
          [
            -0.4264263,
            39.5202721
          ],
          [
            -0.4263549,
            39.5202439
          ],
          [
            -0.4262791,
            39.5202035
          ],
          [
            -0.4262208,
            39.5201664
          ],
          [
            -0.4261698,
            39.5201293
          ],
          [
            -0.4260072,
            39.5199895
          ],
          [
            -0.4257092,
            39.5197257
          ],
          [
            -0.4254236,
            39.5194761
          ],
          [
            -0.4247459,
            39.5188678
          ],
          [
            -0.4245943,
            39.5187239
          ],
          [
            -0.4245141,
            39.5186362
          ],
          [
            -0.4244413,
            39.5185519
          ],
          [
            -0.4243393,
            39.5184282
          ],
          [
            -0.4241877,
            39.5182382
          ],
          [
            -0.424092,
            39.5181281
          ],
          [
            -0.4240559,
            39.5180867
          ],
          [
            -0.423993,
            39.5180202
          ],
          [
            -0.4239362,
            39.5179629
          ],
          [
            -0.4238502,
            39.5178842
          ],
          [
            -0.4238262,
            39.5178628
          ],
          [
            -0.4237744,
            39.5178167
          ],
          [
            -0.4237459,
            39.5177944
          ],
          [
            -0.4236869,
            39.5177482
          ],
          [
            -0.4235645,
            39.5176548
          ],
          [
            -0.4234246,
            39.5175604
          ],
          [
            -0.4233299,
            39.5174997
          ],
          [
            -0.4231929,
            39.5174131
          ],
          [
            -0.4230486,
            39.5173153
          ],
          [
            -0.4229218,
            39.5172242
          ],
          [
            -0.4228096,
            39.5171354
          ],
          [
            -0.4226944,
            39.5170353
          ],
          [
            -0.422317,
            39.5166958
          ],
          [
            -0.4221231,
            39.5165272
          ],
          [
            -0.4220444,
            39.516453
          ],
          [
            -0.4219905,
            39.5164012
          ],
          [
            -0.4219366,
            39.5163439
          ],
          [
            -0.4218928,
            39.5162843
          ],
          [
            -0.4218819,
            39.516266
          ],
          [
            -0.4218564,
            39.5162236
          ],
          [
            -0.4218346,
            39.5161809
          ],
          [
            -0.4218185,
            39.5161303
          ],
          [
            -0.4218025,
            39.5160448
          ],
          [
            -0.4217992,
            39.5160112
          ],
          [
            -0.4217994,
            39.5159992
          ],
          [
            -0.4218025,
            39.5159346
          ],
          [
            -0.4218069,
            39.5158908
          ],
          [
            -0.4218156,
            39.5158492
          ],
          [
            -0.4218273,
            39.51582
          ],
          [
            -0.4218418,
            39.5157784
          ],
          [
            -0.4218754,
            39.5157131
          ],
          [
            -0.421906,
            39.5156637
          ],
          [
            -0.4219468,
            39.5156131
          ],
          [
            -0.4219949,
            39.5155659
          ],
          [
            -0.4220503,
            39.5155175
          ],
          [
            -0.4221416,
            39.5154475
          ],
          [
            -0.4224569,
            39.5152106
          ],
          [
            -0.4227768,
            39.5149716
          ],
          [
            -0.4230014,
            39.5148038
          ],
          [
            -0.4230544,
            39.5147642
          ],
          [
            -0.4231206,
            39.5147149
          ],
          [
            -0.4241606,
            39.5139378
          ],
          [
            -0.4247071,
            39.5135285
          ],
          [
            -0.4250405,
            39.5132812
          ],
          [
            -0.4251283,
            39.513216
          ],
          [
            -0.4252574,
            39.5131192
          ],
          [
            -0.4252872,
            39.5130945
          ],
          [
            -0.4253134,
            39.5130653
          ],
          [
            -0.4253382,
            39.5130282
          ],
          [
            -0.4253528,
            39.51299
          ],
          [
            -0.4253615,
            39.512954
          ],
          [
            -0.4253644,
            39.5129124
          ],
          [
            -0.4253557,
            39.512873
          ],
          [
            -0.4253426,
            39.5128382
          ],
          [
            -0.4253236,
            39.5128078
          ],
          [
            -0.4252989,
            39.512773
          ],
          [
            -0.4252697,
            39.5127426
          ],
          [
            -0.4252384,
            39.5127132
          ],
          [
            -0.4252136,
            39.5126899
          ],
          [
            -0.4251301,
            39.5126052
          ],
          [
            -0.4249674,
            39.5124411
          ],
          [
            -0.4246933,
            39.5121647
          ],
          [
            -0.4244464,
            39.5119181
          ],
          [
            -0.4243566,
            39.5118285
          ],
          [
            -0.4242575,
            39.5117228
          ],
          [
            -0.424052,
            39.5114968
          ],
          [
            -0.4239369,
            39.5113777
          ],
          [
            -0.4238203,
            39.5112607
          ],
          [
            -0.4234661,
            39.5109099
          ],
          [
            -0.4232038,
            39.5106468
          ],
          [
            -0.4230901,
            39.5105332
          ],
          [
            -0.423007,
            39.5104466
          ],
          [
            -0.4229356,
            39.5103634
          ],
          [
            -0.422877,
            39.5102875
          ],
          [
            -0.4228205,
            39.5102195
          ],
          [
            -0.4227563,
            39.5101273
          ],
          [
            -0.4226908,
            39.5100239
          ],
          [
            -0.4226383,
            39.5099373
          ],
          [
            -0.4225596,
            39.5098147
          ],
          [
            -0.422513,
            39.5097473
          ],
          [
            -0.4224678,
            39.5096877
          ],
          [
            -0.4224138,
            39.5096202
          ],
          [
            -0.4223803,
            39.5095775
          ],
          [
            -0.4223293,
            39.5095269
          ],
          [
            -0.4222617,
            39.5094638
          ],
          [
            -0.4221646,
            39.5093908
          ],
          [
            -0.4220903,
            39.509338
          ],
          [
            -0.4220131,
            39.5092907
          ],
          [
            -0.4219285,
            39.5092458
          ],
          [
            -0.4218484,
            39.5092075
          ],
          [
            -0.4217726,
            39.5091738
          ],
          [
            -0.4216808,
            39.5091389
          ],
          [
            -0.4215438,
            39.5090917
          ],
          [
            -0.4207422,
            39.5088275
          ],
          [
            -0.4203042,
            39.5086857
          ],
          [
            -0.4202553,
            39.5086699
          ],
          [
            -0.4199129,
            39.508561
          ],
          [
            -0.4190793,
            39.5082877
          ],
          [
            -0.4180459,
            39.5079504
          ],
          [
            -0.4173886,
            39.5077379
          ],
          [
            -0.4173187,
            39.507712
          ],
          [
            -0.4172793,
            39.5076951
          ],
          [
            -0.4172437,
            39.5076751
          ],
          [
            -0.417221,
            39.5076603
          ],
          [
            -0.4172158,
            39.5076558
          ],
          [
            -0.4171778,
            39.5076225
          ],
          [
            -0.4171525,
            39.5075816
          ],
          [
            -0.4171423,
            39.5075557
          ],
          [
            -0.4171336,
            39.5075197
          ],
          [
            -0.4171336,
            39.5074882
          ],
          [
            -0.4171372,
            39.5074675
          ],
          [
            -0.4171482,
            39.5074343
          ],
          [
            -0.4171598,
            39.5074062
          ],
          [
            -0.4171758,
            39.5073758
          ],
          [
            -0.4171914,
            39.5073493
          ],
          [
            -0.4171963,
            39.5073409
          ],
          [
            -0.4173595,
            39.5071025
          ],
          [
            -0.4177064,
            39.5065954
          ],
          [
            -0.4178317,
            39.5064177
          ],
          [
            -0.4178681,
            39.5063581
          ],
          [
            -0.4178973,
            39.5063075
          ],
          [
            -0.4179235,
            39.5062569
          ],
          [
            -0.4179425,
            39.5062052
          ],
          [
            -0.417957,
            39.5061535
          ],
          [
            -0.4179629,
            39.5060916
          ],
          [
            -0.417957,
            39.5060377
          ],
          [
            -0.4179439,
            39.5059814
          ],
          [
            -0.417925,
            39.5059365
          ],
          [
            -0.4178929,
            39.5058859
          ],
          [
            -0.4178579,
            39.5058443
          ],
          [
            -0.4178098,
            39.5057993
          ],
          [
            -0.4177545,
            39.5057588
          ],
          [
            -0.4176962,
            39.5057296
          ],
          [
            -0.4176043,
            39.5056857
          ],
          [
            -0.4174936,
            39.505643
          ],
          [
            -0.4167399,
            39.5054006
          ],
          [
            -0.4165346,
            39.5053349
          ],
          [
            -0.415099,
            39.5048704
          ],
          [
            -0.4139462,
            39.5044971
          ],
          [
            -0.4136154,
            39.5043914
          ],
          [
            -0.4133851,
            39.5043138
          ],
          [
            -0.4131607,
            39.5042351
          ],
          [
            -0.4129741,
            39.5041676
          ],
          [
            -0.4127672,
            39.5040889
          ],
          [
            -0.4125631,
            39.5040046
          ],
          [
            -0.4123489,
            39.5039112
          ],
          [
            -0.4121507,
            39.5038201
          ],
          [
            -0.412018,
            39.5037549
          ],
          [
            -0.4120032,
            39.5037471
          ],
          [
            -0.4119296,
            39.5037101
          ],
          [
            -0.4118455,
            39.5036655
          ],
          [
            -0.4117513,
            39.5036189
          ],
          [
            -0.4115881,
            39.50353
          ],
          [
            -0.4114336,
            39.5034434
          ],
          [
            -0.411231,
            39.5033231
          ],
          [
            -0.4110816,
            39.5032268
          ],
          [
            -0.4107282,
            39.5030015
          ],
          [
            -0.4104571,
            39.5028283
          ],
          [
            -0.4101817,
            39.5026484
          ],
          [
            -0.4099995,
            39.502531
          ],
          [
            -0.4099059,
            39.50247
          ],
          [
            -0.4097946,
            39.5024114
          ],
          [
            -0.4097297,
            39.5023839
          ],
          [
            -0.4096527,
            39.5023623
          ],
          [
            -0.4096009,
            39.5023515
          ],
          [
            -0.409555,
            39.5023459
          ],
          [
            -0.4094792,
            39.5023419
          ],
          [
            -0.4094094,
            39.5023429
          ],
          [
            -0.4093437,
            39.5023515
          ],
          [
            -0.4092774,
            39.5023661
          ],
          [
            -0.4091958,
            39.5023869
          ],
          [
            -0.409106,
            39.5024119
          ],
          [
            -0.4090161,
            39.502437
          ],
          [
            -0.4088461,
            39.5024836
          ],
          [
            -0.4086408,
            39.5025328
          ],
          [
            -0.4084107,
            39.5025805
          ],
          [
            -0.4082047,
            39.5026141
          ],
          [
            -0.4079776,
            39.5026389
          ],
          [
            -0.4077475,
            39.5026567
          ],
          [
            -0.4074998,
            39.5026772
          ],
          [
            -0.4074315,
            39.5026811
          ],
          [
            -0.4072414,
            39.5026922
          ],
          [
            -0.4070804,
            39.502699
          ],
          [
            -0.4069247,
            39.502699
          ],
          [
            -0.4068047,
            39.5026941
          ],
          [
            -0.4066698,
            39.5026854
          ],
          [
            -0.4065409,
            39.5026739
          ],
          [
            -0.4064153,
            39.5026603
          ],
          [
            -0.4062613,
            39.5026384
          ],
          [
            -0.4061144,
            39.5026097
          ],
          [
            -0.4060012,
            39.5025838
          ],
          [
            -0.4059003,
            39.5025579
          ],
          [
            -0.4057924,
            39.5025224
          ],
          [
            -0.4057039,
            39.5024896
          ],
          [
            -0.4056172,
            39.5024513
          ],
          [
            -0.4055057,
            39.5023981
          ],
          [
            -0.4054137,
            39.5023476
          ],
          [
            -0.4053411,
            39.5023052
          ],
          [
            -0.4052721,
            39.5022602
          ],
          [
            -0.4051429,
            39.5021619
          ],
          [
            -0.4050527,
            39.5020881
          ],
          [
            -0.4049217,
            39.5019735
          ],
          [
            -0.4047112,
            39.5017809
          ],
          [
            -0.4044776,
            39.5015597
          ],
          [
            -0.4040776,
            39.5011897
          ],
          [
            -0.4040158,
            39.5011307
          ],
          [
            -0.4039645,
            39.5010679
          ],
          [
            -0.4039008,
            39.5009901
          ],
          [
            -0.4038585,
            39.5009355
          ],
          [
            -0.4038131,
            39.5008828
          ],
          [
            -0.4037491,
            39.5008176
          ],
          [
            -0.4035094,
            39.5005941
          ],
          [
            -0.4032687,
            39.500372
          ],
          [
            -0.4030045,
            39.5001271
          ],
          [
            -0.4029905,
            39.5001141
          ],
          [
            -0.4028293,
            39.4999707
          ],
          [
            -0.4027982,
            39.4999443
          ],
          [
            -0.4027434,
            39.4998978
          ],
          [
            -0.4027004,
            39.4998497
          ],
          [
            -0.4026692,
            39.4998083
          ],
          [
            -0.4026295,
            39.4997569
          ],
          [
            -0.4025897,
            39.4997154
          ],
          [
            -0.4025468,
            39.4996773
          ],
          [
            -0.4025006,
            39.499635
          ],
          [
            -0.4022864,
            39.4994406
          ],
          [
            -0.4020601,
            39.4992324
          ],
          [
            -0.4019022,
            39.499087
          ],
          [
            -0.4018218,
            39.4990123
          ],
          [
            -0.4017563,
            39.4989604
          ],
          [
            -0.401483,
            39.4987413
          ],
          [
            -0.4013869,
            39.4986533
          ],
          [
            -0.4012713,
            39.4985444
          ],
          [
            -0.4012042,
            39.4984825
          ],
          [
            -0.4005548,
            39.4978776
          ],
          [
            -0.400479,
            39.4977985
          ],
          [
            -0.4004082,
            39.4977179
          ],
          [
            -0.4003657,
            39.4976592
          ],
          [
            -0.400302,
            39.4975623
          ],
          [
            -0.400256,
            39.4974858
          ],
          [
            -0.4002029,
            39.4974039
          ],
          [
            -0.4001533,
            39.4973356
          ],
          [
            -0.4001144,
            39.4972864
          ],
          [
            -0.4000684,
            39.4972359
          ],
          [
            -0.3999799,
            39.4971458
          ],
          [
            -0.3998738,
            39.4970584
          ],
          [
            -0.3998344,
            39.4970266
          ],
          [
            -0.399803,
            39.4970012
          ],
          [
            -0.3997559,
            39.4969738
          ],
          [
            -0.3997079,
            39.4969453
          ],
          [
            -0.3996454,
            39.4969085
          ],
          [
            -0.399565,
            39.4968662
          ],
          [
            -0.3993589,
            39.4967788
          ],
          [
            -0.3991483,
            39.4966952
          ],
          [
            -0.3990659,
            39.496659
          ],
          [
            -0.398953,
            39.4966047
          ],
          [
            -0.3988458,
            39.4965379
          ],
          [
            -0.3987563,
            39.4964682
          ],
          [
            -0.398671,
            39.4963912
          ],
          [
            -0.3984178,
            39.4961563
          ],
          [
            -0.3981802,
            39.4959342
          ],
          [
            -0.3979363,
            39.4957071
          ],
          [
            -0.3976555,
            39.4954443
          ],
          [
            -0.397611,
            39.4954021
          ],
          [
            -0.3975676,
            39.495361
          ],
          [
            -0.396824,
            39.4946669
          ],
          [
            -0.3967601,
            39.4946072
          ],
          [
            -0.3967161,
            39.4945664
          ],
          [
            -0.3958468,
            39.4937601
          ],
          [
            -0.3957577,
            39.4936781
          ],
          [
            -0.3956877,
            39.4936124
          ],
          [
            -0.3945072,
            39.492511
          ],
          [
            -0.3944184,
            39.4924274
          ],
          [
            -0.3943641,
            39.4923777
          ],
          [
            -0.394133,
            39.4921542
          ],
          [
            -0.3935901,
            39.4916491
          ],
          [
            -0.3935285,
            39.4915924
          ],
          [
            -0.3934577,
            39.4915272
          ],
          [
            -0.393164,
            39.4912592
          ],
          [
            -0.3930154,
            39.491133
          ],
          [
            -0.3929094,
            39.4910517
          ],
          [
            -0.3928138,
            39.4909805
          ],
          [
            -0.3927245,
            39.4909151
          ],
          [
            -0.392632,
            39.4908533
          ],
          [
            -0.3925634,
            39.4908077
          ],
          [
            -0.392417,
            39.4907198
          ],
          [
            -0.3922641,
            39.4906332
          ],
          [
            -0.3920183,
            39.4905108
          ],
          [
            -0.3918263,
            39.4904235
          ],
          [
            -0.3915832,
            39.4903271
          ],
          [
            -0.3913688,
            39.4902535
          ],
          [
            -0.3911647,
            39.4901918
          ],
          [
            -0.3911263,
            39.4901809
          ],
          [
            -0.3910885,
            39.490171
          ],
          [
            -0.3909425,
            39.4901322
          ],
          [
            -0.3908276,
            39.490105
          ],
          [
            -0.3907122,
            39.4900813
          ],
          [
            -0.3906327,
            39.4900654
          ],
          [
            -0.3904907,
            39.4900379
          ],
          [
            -0.3900161,
            39.4899682
          ],
          [
            -0.3893614,
            39.4898789
          ],
          [
            -0.3892313,
            39.4898615
          ],
          [
            -0.3889153,
            39.489819
          ],
          [
            -0.3888235,
            39.4898067
          ],
          [
            -0.3881697,
            39.4897166
          ],
          [
            -0.3878777,
            39.4896766
          ],
          [
            -0.3874737,
            39.4896237
          ],
          [
            -0.387281,
            39.489594
          ],
          [
            -0.3870385,
            39.4895533
          ],
          [
            -0.3868641,
            39.4895204
          ],
          [
            -0.3866648,
            39.4894784
          ],
          [
            -0.3864492,
            39.4894289
          ],
          [
            -0.3863082,
            39.4893909
          ],
          [
            -0.3862085,
            39.489367
          ],
          [
            -0.3861238,
            39.4893441
          ],
          [
            -0.3860396,
            39.4893215
          ],
          [
            -0.3859216,
            39.4892886
          ],
          [
            -0.3857706,
            39.4892394
          ],
          [
            -0.3854818,
            39.4891418
          ],
          [
            -0.3852699,
            39.4890662
          ],
          [
            -0.385114,
            39.4890063
          ],
          [
            -0.3849245,
            39.4889283
          ],
          [
            -0.3847818,
            39.4888656
          ],
          [
            -0.3845375,
            39.4887536
          ],
          [
            -0.3844347,
            39.4887031
          ],
          [
            -0.3843538,
            39.4886601
          ],
          [
            -0.3842698,
            39.4886061
          ],
          [
            -0.3842075,
            39.4885598
          ],
          [
            -0.3841673,
            39.488526
          ],
          [
            -0.3841308,
            39.488493
          ],
          [
            -0.3841036,
            39.4884658
          ],
          [
            -0.3840768,
            39.4884352
          ],
          [
            -0.3840541,
            39.4884041
          ],
          [
            -0.3840424,
            39.4883849
          ],
          [
            -0.3840123,
            39.4883337
          ],
          [
            -0.3839791,
            39.4882625
          ],
          [
            -0.3839748,
            39.4882542
          ],
          [
            -0.3839592,
            39.4882242
          ],
          [
            -0.3838592,
            39.4879552
          ],
          [
            -0.3836871,
            39.4874753
          ],
          [
            -0.383594,
            39.4872282
          ],
          [
            -0.3835098,
            39.4869942
          ],
          [
            -0.3834484,
            39.4868241
          ],
          [
            -0.3833838,
            39.4866514
          ],
          [
            -0.3833129,
            39.486505
          ],
          [
            -0.3832661,
            39.486443
          ],
          [
            -0.3832077,
            39.4863546
          ],
          [
            -0.38308,
            39.4862303
          ],
          [
            -0.3830158,
            39.4861899
          ],
          [
            -0.3829636,
            39.4861545
          ],
          [
            -0.3829034,
            39.486119
          ],
          [
            -0.3828178,
            39.4860762
          ],
          [
            -0.3827513,
            39.4860457
          ],
          [
            -0.3826753,
            39.48602
          ],
          [
            -0.3825882,
            39.4859943
          ],
          [
            -0.3825011,
            39.4859736
          ],
          [
            -0.3824013,
            39.4859577
          ],
          [
            -0.3822952,
            39.4859442
          ],
          [
            -0.3821954,
            39.4859393
          ],
          [
            -0.3821323,
            39.4859373
          ],
          [
            -0.3817171,
            39.4859308
          ],
          [
            -0.3812419,
            39.485921
          ],
          [
            -0.3811026,
            39.4859222
          ],
          [
            -0.3809933,
            39.4859296
          ],
          [
            -0.3809141,
            39.4859381
          ],
          [
            -0.3808476,
            39.4859479
          ],
          [
            -0.3807858,
            39.4859577
          ],
          [
            -0.3806955,
            39.4859772
          ],
          [
            -0.3799777,
            39.4861423
          ],
          [
            -0.3798164,
            39.4861823
          ],
          [
            -0.3797398,
            39.4861997
          ],
          [
            -0.3796549,
            39.4862193
          ],
          [
            -0.3795678,
            39.4862351
          ],
          [
            -0.3794918,
            39.4862486
          ],
          [
            -0.37943,
            39.4862596
          ],
          [
            -0.3793635,
            39.4862657
          ],
          [
            -0.3792891,
            39.4862718
          ],
          [
            -0.379202,
            39.486273
          ],
          [
            -0.3791053,
            39.4862706
          ],
          [
            -0.3790024,
            39.4862645
          ],
          [
            -0.3788773,
            39.4862572
          ],
          [
            -0.3787474,
            39.4862474
          ],
          [
            -0.378646,
            39.48624
          ],
          [
            -0.3785478,
            39.4862339
          ],
          [
            -0.3784243,
            39.4862266
          ],
          [
            -0.3783426,
            39.4862211
          ],
          [
            -0.3782421,
            39.4862168
          ],
          [
            -0.3781776,
            39.4862148
          ],
          [
            -0.3780838,
            39.4862152
          ],
          [
            -0.3780366,
            39.4862156
          ],
          [
            -0.3779222,
            39.4862193
          ],
          [
            -0.3778303,
            39.4862229
          ],
          [
            -0.3776846,
            39.4862339
          ],
          [
            -0.3768056,
            39.4863207
          ],
          [
            -0.3763073,
            39.4863724
          ],
          [
            -0.3759022,
            39.4864126
          ],
          [
            -0.3758923,
            39.4864136
          ],
          [
            -0.3751535,
            39.486487
          ],
          [
            -0.375141,
            39.4864882
          ],
          [
            -0.3748658,
            39.4865141
          ],
          [
            -0.3746417,
            39.4865362
          ],
          [
            -0.374593,
            39.4865407
          ],
          [
            -0.3741907,
            39.4865811
          ],
          [
            -0.373204,
            39.4866776
          ],
          [
            -0.3730773,
            39.4866911
          ],
          [
            -0.3730075,
            39.4866961
          ],
          [
            -0.3729743,
            39.4866984
          ],
          [
            -0.372884,
            39.4867058
          ],
          [
            -0.372775,
            39.4867125
          ],
          [
            -0.3726829,
            39.4867119
          ],
          [
            -0.3725953,
            39.4867109
          ],
          [
            -0.372572,
            39.4867106
          ],
          [
            -0.3724691,
            39.4867033
          ],
          [
            -0.3723566,
            39.4866899
          ],
          [
            -0.3722568,
            39.486674
          ],
          [
            -0.3721602,
            39.486652
          ],
          [
            -0.3720652,
            39.4866287
          ],
          [
            -0.3719702,
            39.4865994
          ],
          [
            -0.3718831,
            39.4865676
          ],
          [
            -0.3717981,
            39.4865313
          ],
          [
            -0.3717801,
            39.4865236
          ],
          [
            -0.3716946,
            39.4864821
          ],
          [
            -0.3716202,
            39.4864407
          ],
          [
            -0.371533,
            39.4863892
          ],
          [
            -0.3714697,
            39.4863427
          ],
          [
            -0.3714079,
            39.486295
          ],
          [
            -0.3713671,
            39.4862606
          ],
          [
            -0.371343,
            39.48624
          ],
          [
            -0.3713002,
            39.4861973
          ],
          [
            -0.3712511,
            39.4861484
          ],
          [
            -0.3711973,
            39.486086
          ],
          [
            -0.371145,
            39.4860225
          ],
          [
            -0.3711149,
            39.4859821
          ],
          [
            -0.3710816,
            39.4859283
          ],
          [
            -0.3710468,
            39.4858697
          ],
          [
            -0.3710199,
            39.4858122
          ],
          [
            -0.3710068,
            39.4857763
          ],
          [
            -0.370985,
            39.4857071
          ],
          [
            -0.3709706,
            39.4856425
          ],
          [
            -0.3709692,
            39.4855836
          ],
          [
            -0.3709755,
            39.4855396
          ],
          [
            -0.3709866,
            39.4854944
          ],
          [
            -0.3710024,
            39.4854467
          ],
          [
            -0.371026,
            39.4854067
          ],
          [
            -0.3710838,
            39.4853047
          ],
          [
            -0.3712345,
            39.4850706
          ],
          [
            -0.3713207,
            39.4849383
          ],
          [
            -0.3713471,
            39.4848972
          ],
          [
            -0.3713905,
            39.4848294
          ],
          [
            -0.3717729,
            39.4842318
          ],
          [
            -0.3723835,
            39.4832806
          ],
          [
            -0.3724976,
            39.4830985
          ],
          [
            -0.3725229,
            39.4830594
          ],
          [
            -0.3725388,
            39.4830251
          ],
          [
            -0.3725434,
            39.4829977
          ],
          [
            -0.3725435,
            39.4829714
          ],
          [
            -0.3725419,
            39.4829237
          ],
          [
            -0.3725372,
            39.4828748
          ],
          [
            -0.3725372,
            39.482832
          ],
          [
            -0.3725388,
            39.4828027
          ],
          [
            -0.3725467,
            39.4827709
          ],
          [
            -0.3725604,
            39.4827402
          ],
          [
            -0.3726975,
            39.4825242
          ],
          [
            -0.3727135,
            39.4824993
          ],
          [
            -0.3727375,
            39.482462
          ],
          [
            -0.372913,
            39.4821884
          ],
          [
            -0.3730856,
            39.4819146
          ],
          [
            -0.3730967,
            39.4818984
          ],
          [
            -0.3731141,
            39.481873
          ],
          [
            -0.3731537,
            39.481829
          ],
          [
            -0.3731886,
            39.4818009
          ],
          [
            -0.373225,
            39.4817789
          ],
          [
            -0.3732662,
            39.4817593
          ],
          [
            -0.3733185,
            39.4817434
          ],
          [
            -0.3733676,
            39.4817385
          ],
          [
            -0.3734293,
            39.48173
          ],
          [
            -0.3734911,
            39.4817165
          ],
          [
            -0.3735465,
            39.4816958
          ],
          [
            -0.3735893,
            39.4816689
          ],
          [
            -0.3736336,
            39.4816236
          ],
          [
            -0.373659,
            39.4815894
          ],
          [
            -0.3736764,
            39.4815491
          ],
          [
            -0.3736812,
            39.4815038
          ],
          [
            -0.3736796,
            39.4814684
          ],
          [
            -0.3736685,
            39.4814293
          ],
          [
            -0.3736447,
            39.4813767
          ],
          [
            -0.3736146,
            39.4813413
          ],
          [
            -0.3735624,
            39.4812985
          ],
          [
            -0.3735164,
            39.481274
          ],
          [
            -0.3734483,
            39.4812557
          ],
          [
            -0.3733866,
            39.4812496
          ],
          [
            -0.3733248,
            39.4812508
          ],
          [
            -0.3732694,
            39.4812593
          ],
          [
            -0.3732203,
            39.4812765
          ],
          [
            -0.3731743,
            39.4812997
          ],
          [
            -0.3731347,
            39.4813339
          ],
          [
            -0.3731031,
            39.4813681
          ],
          [
            -0.3730761,
            39.4814109
          ],
          [
            -0.3730635,
            39.4814488
          ],
          [
            -0.3730571,
            39.4814965
          ],
          [
            -0.3730603,
            39.481532
          ],
          [
            -0.3730603,
            39.4815549
          ],
          [
            -0.3730603,
            39.4815735
          ],
          [
            -0.373054,
            39.481609
          ],
          [
            -0.3730413,
            39.481642
          ],
          [
            -0.3730239,
            39.4816823
          ],
          [
            -0.3730017,
            39.4817153
          ],
          [
            -0.3729259,
            39.4818345
          ],
          [
            -0.3726184,
            39.482318
          ],
          [
            -0.3725663,
            39.4823934
          ],
          [
            -0.3725424,
            39.482428
          ],
          [
            -0.372508,
            39.4824731
          ],
          [
            -0.3724616,
            39.4825356
          ],
          [
            -0.372403,
            39.4826175
          ],
          [
            -0.3723784,
            39.4826533
          ],
          [
            -0.3723191,
            39.4827446
          ],
          [
            -0.3722804,
            39.4828036
          ],
          [
            -0.3721813,
            39.4829537
          ],
          [
            -0.3721179,
            39.4830563
          ],
          [
            -0.3720482,
            39.4831676
          ],
          [
            -0.3715382,
            39.4839609
          ],
          [
            -0.3714546,
            39.4841037
          ],
          [
            -0.3710293,
            39.4847702
          ],
          [
            -0.371005,
            39.4848096
          ],
          [
            -0.3708828,
            39.4849984
          ],
          [
            -0.3708577,
            39.4850356
          ],
          [
            -0.370821,
            39.4851011
          ],
          [
            -0.3707957,
            39.485146
          ],
          [
            -0.3707719,
            39.4852111
          ],
          [
            -0.3707537,
            39.4852783
          ],
          [
            -0.3707232,
            39.4853933
          ],
          [
            -0.3706877,
            39.4854962
          ],
          [
            -0.370664,
            39.4855708
          ],
          [
            -0.3706418,
            39.4856283
          ],
          [
            -0.3706117,
            39.4856869
          ],
          [
            -0.3705483,
            39.4857957
          ],
          [
            -0.3704169,
            39.485994
          ],
          [
            -0.3704105,
            39.4860035
          ],
          [
            -0.3700589,
            39.4865561
          ],
          [
            -0.3700162,
            39.4866196
          ],
          [
            -0.3699987,
            39.4866489
          ],
          [
            -0.3699702,
            39.4866795
          ],
          [
            -0.3699279,
            39.4867191
          ],
          [
            -0.3698752,
            39.4867541
          ],
          [
            -0.3698245,
            39.4867773
          ],
          [
            -0.3697659,
            39.4867944
          ],
          [
            -0.3696994,
            39.4868054
          ],
          [
            -0.3696345,
            39.4868066
          ],
          [
            -0.3695572,
            39.4867987
          ],
          [
            -0.369481,
            39.4867849
          ],
          [
            -0.3694394,
            39.4867737
          ],
          [
            -0.3693019,
            39.4867418
          ],
          [
            -0.3690651,
            39.4866864
          ],
          [
            -0.3684192,
            39.486536
          ],
          [
            -0.3682385,
            39.4864954
          ],
          [
            -0.3679569,
            39.4864264
          ],
          [
            -0.3679283,
            39.4864187
          ],
          [
            -0.36777,
            39.4863763
          ],
          [
            -0.3675372,
            39.4863151
          ],
          [
            -0.3672104,
            39.4862186
          ],
          [
            -0.3669927,
            39.4861543
          ],
          [
            -0.3658396,
            39.4858118
          ],
          [
            -0.3657543,
            39.4857865
          ],
          [
            -0.3655505,
            39.4857292
          ],
          [
            -0.3654626,
            39.4857061
          ],
          [
            -0.3650779,
            39.4855884
          ],
          [
            -0.364696,
            39.4854789
          ],
          [
            -0.3642112,
            39.4853372
          ],
          [
            -0.3637964,
            39.4852148
          ],
          [
            -0.3637224,
            39.4851924
          ],
          [
            -0.3635935,
            39.4851549
          ],
          [
            -0.3634431,
            39.4851115
          ],
          [
            -0.3630506,
            39.4849982
          ],
          [
            -0.3627328,
            39.4849054
          ],
          [
            -0.362328,
            39.4847872
          ],
          [
            -0.3619443,
            39.4846748
          ],
          [
            -0.3609951,
            39.4843969
          ],
          [
            -0.3608535,
            39.4843554
          ],
          [
            -0.3596761,
            39.4840093
          ],
          [
            -0.3595228,
            39.4839644
          ],
          [
            -0.3584539,
            39.4836516
          ],
          [
            -0.357773,
            39.4834456
          ],
          [
            -0.3576778,
            39.4834172
          ],
          [
            -0.35764,
            39.4834062
          ],
          [
            -0.3572899,
            39.4833051
          ],
          [
            -0.3545902,
            39.4825154
          ],
          [
            -0.3545099,
            39.4824909
          ],
          [
            -0.3544118,
            39.482461
          ],
          [
            -0.3539404,
            39.4823261
          ],
          [
            -0.3539079,
            39.4823169
          ],
          [
            -0.353814,
            39.4822903
          ],
          [
            -0.3523024,
            39.4818483
          ],
          [
            -0.3522649,
            39.4818364
          ],
          [
            -0.3520421,
            39.4817703
          ],
          [
            -0.351878,
            39.4817229
          ],
          [
            -0.3515033,
            39.4816148
          ],
          [
            -0.3507111,
            39.4813862
          ],
          [
            -0.350416,
            39.4812992
          ],
          [
            -0.3503788,
            39.481288
          ],
          [
            -0.3500137,
            39.4811835
          ],
          [
            -0.3474851,
            39.4804496
          ],
          [
            -0.3474352,
            39.4804358
          ],
          [
            -0.3455692,
            39.4799022
          ],
          [
            -0.3455343,
            39.4798922
          ],
          [
            -0.3453709,
            39.4798468
          ],
          [
            -0.3451591,
            39.479784
          ],
          [
            -0.3444999,
            39.479595
          ],
          [
            -0.3441777,
            39.4795013
          ],
          [
            -0.3439941,
            39.479448
          ],
          [
            -0.3438465,
            39.4794058
          ],
          [
            -0.3438252,
            39.4793997
          ],
          [
            -0.341754,
            39.4788003
          ],
          [
            -0.3417111,
            39.478788
          ],
          [
            -0.3401706,
            39.4783457
          ],
          [
            -0.3401338,
            39.4783351
          ],
          [
            -0.3395337,
            39.4781633
          ],
          [
            -0.3386304,
            39.4779037
          ],
          [
            -0.3382905,
            39.4778064
          ],
          [
            -0.338262,
            39.4777983
          ],
          [
            -0.3358828,
            39.4771079
          ],
          [
            -0.3353561,
            39.4769568
          ],
          [
            -0.3344684,
            39.476702
          ],
          [
            -0.3340768,
            39.4765883
          ],
          [
            -0.3340402,
            39.4765777
          ],
          [
            -0.3337492,
            39.4764928
          ],
          [
            -0.3329978,
            39.476278
          ],
          [
            -0.3328905,
            39.4762479
          ],
          [
            -0.3328561,
            39.476238
          ],
          [
            -0.3327066,
            39.4761948
          ],
          [
            -0.3299513,
            39.4753988
          ],
          [
            -0.3294173,
            39.4752445
          ],
          [
            -0.3288425,
            39.4750816
          ],
          [
            -0.3287995,
            39.4750695
          ],
          [
            -0.3287097,
            39.4750449
          ],
          [
            -0.3286226,
            39.4750189
          ],
          [
            -0.3281551,
            39.4748793
          ],
          [
            -0.3278507,
            39.4747947
          ],
          [
            -0.3278198,
            39.4747858
          ],
          [
            -0.3276579,
            39.4747378
          ],
          [
            -0.3275359,
            39.4747045
          ],
          [
            -0.3274817,
            39.4746914
          ],
          [
            -0.3274345,
            39.47468
          ],
          [
            -0.3273222,
            39.4746563
          ],
          [
            -0.327225,
            39.4746392
          ],
          [
            -0.3270858,
            39.4746204
          ],
          [
            -0.3269812,
            39.4746128
          ],
          [
            -0.3263552,
            39.4745754
          ],
          [
            -0.3262668,
            39.4745723
          ],
          [
            -0.3258848,
            39.4745485
          ],
          [
            -0.3258256,
            39.4745403
          ],
          [
            -0.325796,
            39.4745346
          ],
          [
            -0.3257598,
            39.4745276
          ],
          [
            -0.3257236,
            39.4745058
          ],
          [
            -0.3256998,
            39.4744875
          ],
          [
            -0.3256681,
            39.4744582
          ],
          [
            -0.3256507,
            39.4744264
          ],
          [
            -0.325639,
            39.4743986
          ],
          [
            -0.3256295,
            39.4743573
          ],
          [
            -0.3256277,
            39.4743273
          ],
          [
            -0.3256266,
            39.4742753
          ],
          [
            -0.3256259,
            39.4742595
          ],
          [
            -0.3256238,
            39.473897
          ],
          [
            -0.325623,
            39.4736203
          ],
          [
            -0.3256215,
            39.473078
          ],
          [
            -0.3256254,
            39.4721022
          ],
          [
            -0.3256272,
            39.4717557
          ],
          [
            -0.3256285,
            39.4711755
          ],
          [
            -0.3256301,
            39.4707524
          ],
          [
            -0.3256317,
            39.4703575
          ],
          [
            -0.3256333,
            39.4701631
          ],
          [
            -0.3256333,
            39.4699027
          ],
          [
            -0.3256359,
            39.4694794
          ],
          [
            -0.3256365,
            39.4693904
          ],
          [
            -0.3256365,
            39.4693647
          ],
          [
            -0.3256365,
            39.4693064
          ],
          [
            -0.3256365,
            39.4690236
          ],
          [
            -0.3256396,
            39.4683968
          ],
          [
            -0.3256428,
            39.4681787
          ],
          [
            -0.3256436,
            39.4680964
          ],
          [
            -0.3256404,
            39.4680108
          ],
          [
            -0.3256309,
            39.4679558
          ],
          [
            -0.3256135,
            39.467891
          ],
          [
            -0.3255929,
            39.4678238
          ],
          [
            -0.325577,
            39.4677736
          ],
          [
            -0.3255707,
            39.4677345
          ],
          [
            -0.3255707,
            39.4677039
          ],
          [
            -0.325577,
            39.467666
          ],
          [
            -0.3255929,
            39.4676318
          ],
          [
            -0.3256146,
            39.4675964
          ],
          [
            -0.3256388,
            39.4675719
          ],
          [
            -0.3256737,
            39.4675438
          ],
          [
            -0.3257164,
            39.4675218
          ],
          [
            -0.3257608,
            39.4675046
          ],
          [
            -0.3258162,
            39.4674936
          ],
          [
            -0.3258922,
            39.4674912
          ],
          [
            -0.3259952,
            39.4674973
          ],
          [
            -0.3274032,
            39.4676141
          ],
          [
            -0.3279804,
            39.4676624
          ],
          [
            -0.3280415,
            39.4676807
          ],
          [
            -0.3280922,
            39.4677052
          ],
          [
            -0.3281286,
            39.4677284
          ],
          [
            -0.3281539,
            39.467759
          ],
          [
            -0.3281793,
            39.4677932
          ],
          [
            -0.3281941,
            39.4678209
          ],
          [
            -0.328203,
            39.4678568
          ],
          [
            -0.3282062,
            39.4678947
          ],
          [
            -0.328203,
            39.467935
          ],
          [
            -0.3281809,
            39.4680879
          ],
          [
            -0.328127,
            39.4684375
          ]
        ]
      }
    },
    {
      "type": "Feature",
      "properties": {
        "id": 5620871,
        "line": "4",
        "name": "Línia 4: Dr. Lluch => Mas del Rosari",
        "color": "#0B60A6",
        "source": "osm"
      },
      "geometry": {
        "type": "LineString",
        "coordinates": [
          [
            -0.328127,
            39.4684375
          ],
          [
            -0.3280942,
            39.4686702
          ],
          [
            -0.3279832,
            39.4694804
          ],
          [
            -0.3279759,
            39.4695287
          ],
          [
            -0.3279705,
            39.469564
          ],
          [
            -0.3279622,
            39.4696285
          ],
          [
            -0.3279503,
            39.4697068
          ],
          [
            -0.327777,
            39.4708486
          ],
          [
            -0.3276324,
            39.4718663
          ],
          [
            -0.3275746,
            39.472274
          ],
          [
            -0.3274903,
            39.4728354
          ],
          [
            -0.3272923,
            39.4742145
          ],
          [
            -0.3272861,
            39.4742669
          ],
          [
            -0.3272828,
            39.474295
          ],
          [
            -0.3272765,
            39.4743673
          ],
          [
            -0.3272803,
            39.4743972
          ],
          [
            -0.3272907,
            39.4744639
          ],
          [
            -0.3273066,
            39.4745054
          ],
          [
            -0.3273383,
            39.4745531
          ],
          [
            -0.3273657,
            39.4745921
          ],
          [
            -0.327416,
            39.4746411
          ],
          [
            -0.3274609,
            39.4746787
          ],
          [
            -0.3274817,
            39.4746914
          ],
          [
            -0.3275329,
            39.4747227
          ],
          [
            -0.3276113,
            39.4747566
          ],
          [
            -0.3276629,
            39.474774
          ],
          [
            -0.3278058,
            39.4748146
          ],
          [
            -0.3278388,
            39.474824
          ],
          [
            -0.3281044,
            39.4748996
          ],
          [
            -0.3286234,
            39.475051
          ],
          [
            -0.3287085,
            39.4750758
          ],
          [
            -0.3288027,
            39.475102
          ],
          [
            -0.328846,
            39.4751144
          ],
          [
            -0.3294029,
            39.4752756
          ],
          [
            -0.3298271,
            39.4753991
          ],
          [
            -0.3299179,
            39.4754252
          ],
          [
            -0.33276,
            39.4762423
          ],
          [
            -0.3328209,
            39.476258
          ],
          [
            -0.3328437,
            39.4762639
          ],
          [
            -0.3328785,
            39.4762728
          ],
          [
            -0.3329839,
            39.4763033
          ],
          [
            -0.3331255,
            39.4763456
          ],
          [
            -0.3337111,
            39.4765186
          ],
          [
            -0.3337351,
            39.4765256
          ],
          [
            -0.3338941,
            39.4765712
          ],
          [
            -0.3340258,
            39.4766093
          ],
          [
            -0.3344601,
            39.4767346
          ],
          [
            -0.3353414,
            39.4769881
          ],
          [
            -0.3367984,
            39.4774075
          ],
          [
            -0.3382478,
            39.4778264
          ],
          [
            -0.3382759,
            39.4778344
          ],
          [
            -0.3387859,
            39.4779803
          ],
          [
            -0.3395215,
            39.4781922
          ],
          [
            -0.3401197,
            39.4783659
          ],
          [
            -0.3401565,
            39.4783765
          ],
          [
            -0.3416947,
            39.4788187
          ],
          [
            -0.3417381,
            39.4788312
          ],
          [
            -0.3438122,
            39.4794275
          ],
          [
            -0.3438338,
            39.4794338
          ],
          [
            -0.3439805,
            39.4794773
          ],
          [
            -0.3441648,
            39.4795304
          ],
          [
            -0.3444889,
            39.4796238
          ],
          [
            -0.3451401,
            39.4798098
          ],
          [
            -0.3453358,
            39.4798685
          ],
          [
            -0.3455199,
            39.4799202
          ],
          [
            -0.3455547,
            39.4799302
          ],
          [
            -0.3471498,
            39.4803903
          ],
          [
            -0.347419,
            39.4804683
          ],
          [
            -0.3474698,
            39.4804822
          ],
          [
            -0.3496506,
            39.4811107
          ],
          [
            -0.3500026,
            39.4812122
          ],
          [
            -0.3503655,
            39.4813176
          ],
          [
            -0.3504038,
            39.4813286
          ],
          [
            -0.3506988,
            39.481411
          ],
          [
            -0.3514695,
            39.4816348
          ],
          [
            -0.3518626,
            39.4817489
          ],
          [
            -0.3520292,
            39.4817973
          ],
          [
            -0.3522544,
            39.481861
          ],
          [
            -0.3522902,
            39.4818719
          ],
          [
            -0.3537884,
            39.4823155
          ],
          [
            -0.3538713,
            39.4823399
          ],
          [
            -0.3539437,
            39.4823613
          ],
          [
            -0.354406,
            39.4824936
          ],
          [
            -0.3545188,
            39.4825274
          ],
          [
            -0.3545757,
            39.4825444
          ],
          [
            -0.355438,
            39.4827998
          ],
          [
            -0.3572778,
            39.4833333
          ],
          [
            -0.3576265,
            39.483434
          ],
          [
            -0.357664,
            39.4834449
          ],
          [
            -0.3577628,
            39.4834744
          ],
          [
            -0.3584388,
            39.4836765
          ],
          [
            -0.3595063,
            39.4839904
          ],
          [
            -0.3596626,
            39.4840363
          ],
          [
            -0.3608403,
            39.4843807
          ],
          [
            -0.3609824,
            39.4844223
          ],
          [
            -0.361933,
            39.4847006
          ],
          [
            -0.3623153,
            39.4848125
          ],
          [
            -0.3627231,
            39.4849332
          ],
          [
            -0.3630382,
            39.4850264
          ],
          [
            -0.3634267,
            39.4851411
          ],
          [
            -0.3635779,
            39.4851858
          ],
          [
            -0.3637041,
            39.4852223
          ],
          [
            -0.3637821,
            39.4852448
          ],
          [
            -0.3647142,
            39.4855161
          ],
          [
            -0.3651612,
            39.4856476
          ],
          [
            -0.3655382,
            39.4857625
          ],
          [
            -0.3657993,
            39.4858353
          ],
          [
            -0.3658847,
            39.4858605
          ],
          [
            -0.3669803,
            39.4861831
          ],
          [
            -0.3671992,
            39.4862472
          ],
          [
            -0.3674559,
            39.4863223
          ],
          [
            -0.367772,
            39.4864104
          ],
          [
            -0.3679114,
            39.4864465
          ],
          [
            -0.3680114,
            39.4864724
          ],
          [
            -0.3681723,
            39.4865114
          ],
          [
            -0.368224,
            39.4865237
          ],
          [
            -0.3684084,
            39.4865647
          ],
          [
            -0.3690612,
            39.4867158
          ],
          [
            -0.3693034,
            39.4867734
          ],
          [
            -0.3694091,
            39.4867986
          ],
          [
            -0.369454,
            39.4868093
          ],
          [
            -0.3695305,
            39.4868259
          ],
          [
            -0.3695838,
            39.4868356
          ],
          [
            -0.3696456,
            39.4868405
          ],
          [
            -0.3697042,
            39.4868393
          ],
          [
            -0.3697691,
            39.4868307
          ],
          [
            -0.3698341,
            39.4868099
          ],
          [
            -0.3698927,
            39.4867855
          ],
          [
            -0.3699323,
            39.4867647
          ],
          [
            -0.3699734,
            39.4867309
          ],
          [
            -0.3699877,
            39.486717
          ],
          [
            -0.3700146,
            39.4866902
          ],
          [
            -0.3700463,
            39.4866486
          ],
          [
            -0.3700961,
            39.4865705
          ],
          [
            -0.3704438,
            39.4860252
          ],
          [
            -0.3704538,
            39.4860096
          ],
          [
            -0.3705426,
            39.4858704
          ],
          [
            -0.3705975,
            39.4857844
          ],
          [
            -0.3706545,
            39.4856854
          ],
          [
            -0.3706909,
            39.4856157
          ],
          [
            -0.3707115,
            39.4855607
          ],
          [
            -0.3707346,
            39.485494
          ],
          [
            -0.3707611,
            39.4853949
          ],
          [
            -0.3707789,
            39.4853346
          ],
          [
            -0.370793,
            39.4852847
          ],
          [
            -0.3708052,
            39.4852511
          ],
          [
            -0.3708179,
            39.4852083
          ],
          [
            -0.3708348,
            39.4851628
          ],
          [
            -0.3708638,
            39.4851044
          ],
          [
            -0.3709097,
            39.4850276
          ],
          [
            -0.371042,
            39.4848244
          ],
          [
            -0.3710648,
            39.4847844
          ],
          [
            -0.3714926,
            39.4841188
          ],
          [
            -0.3716301,
            39.4838921
          ],
          [
            -0.3721401,
            39.4830963
          ],
          [
            -0.3722567,
            39.4829153
          ],
          [
            -0.3722716,
            39.4828922
          ],
          [
            -0.3723184,
            39.4828178
          ],
          [
            -0.3723761,
            39.4827259
          ],
          [
            -0.3724101,
            39.4826763
          ],
          [
            -0.3724316,
            39.4826477
          ],
          [
            -0.3724902,
            39.4825695
          ],
          [
            -0.3725569,
            39.482481
          ],
          [
            -0.3725884,
            39.4824399
          ],
          [
            -0.3726085,
            39.4824103
          ],
          [
            -0.3726184,
            39.4823959
          ],
          [
            -0.3727087,
            39.4822614
          ],
          [
            -0.3729692,
            39.4818507
          ],
          [
            -0.3730382,
            39.4817419
          ],
          [
            -0.3730714,
            39.4816832
          ],
          [
            -0.3730789,
            39.4816674
          ],
          [
            -0.3730952,
            39.4816331
          ],
          [
            -0.3731078,
            39.4815878
          ],
          [
            -0.3731089,
            39.481551
          ],
          [
            -0.3731043,
            39.4815133
          ],
          [
            -0.3731047,
            39.4814742
          ],
          [
            -0.3731158,
            39.4814301
          ],
          [
            -0.3731411,
            39.4813874
          ],
          [
            -0.3731823,
            39.4813482
          ],
          [
            -0.3732266,
            39.4813201
          ],
          [
            -0.3732947,
            39.4812969
          ],
          [
            -0.3733692,
            39.4812871
          ],
          [
            -0.3734341,
            39.4812896
          ],
          [
            -0.3734927,
            39.4813079
          ],
          [
            -0.3735434,
            39.4813336
          ],
          [
            -0.3735798,
            39.4813641
          ],
          [
            -0.3736163,
            39.4814106
          ],
          [
            -0.3736305,
            39.4814534
          ],
          [
            -0.3736384,
            39.4814962
          ],
          [
            -0.3736353,
            39.4815353
          ],
          [
            -0.3736178,
            39.4815744
          ],
          [
            -0.3735893,
            39.4816111
          ],
          [
            -0.3735577,
            39.4816404
          ],
          [
            -0.3735196,
            39.4816649
          ],
          [
            -0.3734801,
            39.481682
          ],
          [
            -0.3734246,
            39.4816979
          ],
          [
            -0.3733945,
            39.4817028
          ],
          [
            -0.3733533,
            39.4817064
          ],
          [
            -0.3733074,
            39.4817125
          ],
          [
            -0.3732631,
            39.4817223
          ],
          [
            -0.3732124,
            39.4817394
          ],
          [
            -0.3731696,
            39.481759
          ],
          [
            -0.3731348,
            39.4817859
          ],
          [
            -0.3730999,
            39.4818201
          ],
          [
            -0.373073,
            39.4818556
          ],
          [
            -0.3730553,
            39.4818829
          ],
          [
            -0.3730334,
            39.4819167
          ],
          [
            -0.3730179,
            39.4819409
          ],
          [
            -0.3728677,
            39.4821759
          ],
          [
            -0.3726951,
            39.482445
          ],
          [
            -0.3726538,
            39.4825092
          ],
          [
            -0.3725909,
            39.482611
          ],
          [
            -0.3725207,
            39.4827246
          ],
          [
            -0.3724997,
            39.4827626
          ],
          [
            -0.3724917,
            39.4827932
          ],
          [
            -0.3724854,
            39.4828298
          ],
          [
            -0.3724902,
            39.4829007
          ],
          [
            -0.3724965,
            39.4829741
          ],
          [
            -0.3724955,
            39.4829953
          ],
          [
            -0.372487,
            39.4830266
          ],
          [
            -0.3724727,
            39.4830572
          ],
          [
            -0.3724506,
            39.4830963
          ],
          [
            -0.3721211,
            39.4836146
          ],
          [
            -0.3718344,
            39.484062
          ],
          [
            -0.3717351,
            39.4842167
          ],
          [
            -0.371486,
            39.4846048
          ],
          [
            -0.3713085,
            39.4848818
          ],
          [
            -0.3712822,
            39.4849229
          ],
          [
            -0.3711962,
            39.4850521
          ],
          [
            -0.3710402,
            39.4853041
          ],
          [
            -0.3709764,
            39.4854045
          ],
          [
            -0.3709491,
            39.4854592
          ],
          [
            -0.3709396,
            39.4855045
          ],
          [
            -0.3709317,
            39.485557
          ],
          [
            -0.3709301,
            39.485623
          ],
          [
            -0.3709361,
            39.4856917
          ],
          [
            -0.3709523,
            39.4857428
          ],
          [
            -0.3709782,
            39.4858087
          ],
          [
            -0.3709894,
            39.4858355
          ],
          [
            -0.3710054,
            39.485872
          ],
          [
            -0.3710341,
            39.4859238
          ],
          [
            -0.3710482,
            39.4859485
          ],
          [
            -0.371079,
            39.4859971
          ],
          [
            -0.3711376,
            39.4860729
          ],
          [
            -0.3711882,
            39.4861364
          ],
          [
            -0.3712611,
            39.4862134
          ],
          [
            -0.3713377,
            39.4862801
          ],
          [
            -0.3713926,
            39.4863259
          ],
          [
            -0.3714527,
            39.486376
          ],
          [
            -0.3715272,
            39.4864225
          ],
          [
            -0.3716082,
            39.4864684
          ],
          [
            -0.3716919,
            39.4865154
          ],
          [
            -0.3717787,
            39.4865578
          ],
          [
            -0.3717869,
            39.4865618
          ],
          [
            -0.371893,
            39.486607
          ],
          [
            -0.3719833,
            39.4866376
          ],
          [
            -0.3720942,
            39.4866694
          ],
          [
            -0.3722257,
            39.4866999
          ],
          [
            -0.3723397,
            39.4867183
          ],
          [
            -0.372449,
            39.4867317
          ],
          [
            -0.3725535,
            39.4867391
          ],
          [
            -0.3725939,
            39.4867407
          ],
          [
            -0.3726755,
            39.4867439
          ],
          [
            -0.3727658,
            39.4867425
          ],
          [
            -0.3728481,
            39.4867391
          ],
          [
            -0.3729447,
            39.4867329
          ],
          [
            -0.3729941,
            39.4867285
          ],
          [
            -0.3730049,
            39.4867276
          ],
          [
            -0.373054,
            39.4867232
          ],
          [
            -0.3732282,
            39.4867073
          ],
          [
            -0.3739014,
            39.48664
          ],
          [
            -0.3746476,
            39.4865659
          ],
          [
            -0.374882,
            39.4865425
          ],
          [
            -0.3751581,
            39.4865153
          ],
          [
            -0.375167,
            39.4865144
          ],
          [
            -0.3755171,
            39.4864801
          ],
          [
            -0.3758873,
            39.4864446
          ],
          [
            -0.3759071,
            39.4864427
          ],
          [
            -0.3762858,
            39.4864063
          ],
          [
            -0.3764751,
            39.4863833
          ],
          [
            -0.3776218,
            39.4862697
          ],
          [
            -0.3777612,
            39.4862587
          ],
          [
            -0.3779132,
            39.4862513
          ],
          [
            -0.3780147,
            39.4862482
          ],
          [
            -0.3780304,
            39.4862477
          ],
          [
            -0.3780632,
            39.486247
          ],
          [
            -0.3781578,
            39.4862447
          ],
          [
            -0.3782251,
            39.4862465
          ],
          [
            -0.3783229,
            39.4862505
          ],
          [
            -0.3783994,
            39.486255
          ],
          [
            -0.3785467,
            39.486266
          ],
          [
            -0.3787146,
            39.486277
          ],
          [
            -0.3790599,
            39.4863002
          ],
          [
            -0.3791739,
            39.4863039
          ],
          [
            -0.3792801,
            39.4863027
          ],
          [
            -0.3793751,
            39.4862978
          ],
          [
            -0.3794685,
            39.4862856
          ],
          [
            -0.379562,
            39.4862709
          ],
          [
            -0.3796491,
            39.4862513
          ],
          [
            -0.3797495,
            39.4862281
          ],
          [
            -0.3798259,
            39.4862132
          ],
          [
            -0.3799886,
            39.4861709
          ],
          [
            -0.3808069,
            39.485991
          ],
          [
            -0.380932,
            39.4859702
          ],
          [
            -0.3810349,
            39.4859604
          ],
          [
            -0.3811442,
            39.4859567
          ],
          [
            -0.3812963,
            39.4859567
          ],
          [
            -0.3816827,
            39.4859604
          ],
          [
            -0.3821319,
            39.4859688
          ],
          [
            -0.3822862,
            39.48598
          ],
          [
            -0.3823986,
            39.485991
          ],
          [
            -0.3825222,
            39.4860093
          ],
          [
            -0.3826299,
            39.4860386
          ],
          [
            -0.3827296,
            39.4860753
          ],
          [
            -0.3828183,
            39.4861169
          ],
          [
            -0.3829102,
            39.4861645
          ],
          [
            -0.3829926,
            39.4862171
          ],
          [
            -0.3830447,
            39.486249
          ],
          [
            -0.3831764,
            39.4863798
          ],
          [
            -0.3832718,
            39.4865173
          ],
          [
            -0.3833412,
            39.4866617
          ],
          [
            -0.3834104,
            39.4868337
          ],
          [
            -0.3834727,
            39.4870118
          ],
          [
            -0.3835548,
            39.4872362
          ],
          [
            -0.3837032,
            39.4876443
          ],
          [
            -0.3838206,
            39.4879662
          ],
          [
            -0.38392,
            39.4882335
          ],
          [
            -0.3839335,
            39.4882642
          ],
          [
            -0.3839364,
            39.4882709
          ],
          [
            -0.3839645,
            39.4883257
          ],
          [
            -0.3839836,
            39.4883641
          ],
          [
            -0.3840154,
            39.4884202
          ],
          [
            -0.3840278,
            39.4884382
          ],
          [
            -0.3840693,
            39.4884842
          ],
          [
            -0.3841188,
            39.4885307
          ],
          [
            -0.3841772,
            39.4885841
          ],
          [
            -0.3842182,
            39.4886156
          ],
          [
            -0.3842522,
            39.4886385
          ],
          [
            -0.3843042,
            39.4886722
          ],
          [
            -0.3843592,
            39.4887035
          ],
          [
            -0.3844922,
            39.48877
          ],
          [
            -0.3847324,
            39.4888788
          ],
          [
            -0.3848755,
            39.4889411
          ],
          [
            -0.3850794,
            39.4890263
          ],
          [
            -0.3852757,
            39.489102
          ],
          [
            -0.3854799,
            39.4891756
          ],
          [
            -0.3857327,
            39.4892601
          ],
          [
            -0.3858536,
            39.4893003
          ],
          [
            -0.385973,
            39.489336
          ],
          [
            -0.38606,
            39.4893615
          ],
          [
            -0.3861394,
            39.4893824
          ],
          [
            -0.3862401,
            39.4894077
          ],
          [
            -0.3863889,
            39.4894464
          ],
          [
            -0.386515,
            39.4894772
          ],
          [
            -0.3866562,
            39.4895092
          ],
          [
            -0.3868503,
            39.4895503
          ],
          [
            -0.3870293,
            39.4895838
          ],
          [
            -0.3872771,
            39.4896238
          ],
          [
            -0.3874621,
            39.4896528
          ],
          [
            -0.3878691,
            39.4897082
          ],
          [
            -0.3881554,
            39.4897447
          ],
          [
            -0.3885297,
            39.4897946
          ],
          [
            -0.3888176,
            39.4898336
          ],
          [
            -0.3889022,
            39.4898453
          ],
          [
            -0.3892771,
            39.489897
          ],
          [
            -0.3893986,
            39.4899138
          ],
          [
            -0.3900098,
            39.4899982
          ],
          [
            -0.3902655,
            39.4900345
          ],
          [
            -0.3904795,
            39.4900685
          ],
          [
            -0.3906106,
            39.4900926
          ],
          [
            -0.3906894,
            39.490108
          ],
          [
            -0.3908298,
            39.4901359
          ],
          [
            -0.3909471,
            39.4901647
          ],
          [
            -0.3911354,
            39.490216
          ],
          [
            -0.3911675,
            39.4902248
          ],
          [
            -0.3912097,
            39.4902369
          ],
          [
            -0.3913845,
            39.4902908
          ],
          [
            -0.3915631,
            39.4903538
          ],
          [
            -0.3917823,
            39.4904411
          ],
          [
            -0.3919446,
            39.4905131
          ],
          [
            -0.3921664,
            39.4906216
          ],
          [
            -0.392252,
            39.4906661
          ],
          [
            -0.3923863,
            39.4907427
          ],
          [
            -0.3925337,
            39.490832
          ],
          [
            -0.3926889,
            39.4909335
          ],
          [
            -0.3928569,
            39.4910538
          ],
          [
            -0.3930252,
            39.4911857
          ],
          [
            -0.3931873,
            39.4913287
          ],
          [
            -0.3934287,
            39.4915462
          ],
          [
            -0.3935073,
            39.4916194
          ],
          [
            -0.39356,
            39.4916684
          ],
          [
            -0.3943363,
            39.4923948
          ],
          [
            -0.3943853,
            39.4924421
          ],
          [
            -0.3944797,
            39.4925287
          ],
          [
            -0.3947103,
            39.492747
          ],
          [
            -0.3948958,
            39.4929197
          ],
          [
            -0.3956586,
            39.4936301
          ],
          [
            -0.3957486,
            39.4937143
          ],
          [
            -0.3958165,
            39.4937806
          ],
          [
            -0.3958596,
            39.4938223
          ],
          [
            -0.3960323,
            39.4939873
          ],
          [
            -0.3962873,
            39.4942195
          ],
          [
            -0.3964995,
            39.4944138
          ],
          [
            -0.396686,
            39.494586
          ],
          [
            -0.3967299,
            39.4946265
          ],
          [
            -0.3967936,
            39.4946865
          ],
          [
            -0.3971283,
            39.4950017
          ],
          [
            -0.3974498,
            39.4952975
          ],
          [
            -0.3975407,
            39.4953779
          ],
          [
            -0.3975843,
            39.4954186
          ],
          [
            -0.3976298,
            39.4954611
          ],
          [
            -0.39791,
            39.495725
          ],
          [
            -0.3981543,
            39.495951
          ],
          [
            -0.3983892,
            39.4961751
          ],
          [
            -0.3986399,
            39.4964118
          ],
          [
            -0.398719,
            39.496484
          ],
          [
            -0.3987849,
            39.496535
          ],
          [
            -0.39886,
            39.4965905
          ],
          [
            -0.3989442,
            39.4966395
          ],
          [
            -0.3990344,
            39.4966831
          ],
          [
            -0.3991323,
            39.4967242
          ],
          [
            -0.3993467,
            39.4968102
          ],
          [
            -0.3995422,
            39.4968941
          ],
          [
            -0.3996128,
            39.4969297
          ],
          [
            -0.3996707,
            39.4969633
          ],
          [
            -0.3997114,
            39.4969903
          ],
          [
            -0.3997565,
            39.497017
          ],
          [
            -0.3997902,
            39.497042
          ],
          [
            -0.39984,
            39.4970789
          ],
          [
            -0.3999198,
            39.497143
          ],
          [
            -0.3999865,
            39.4972058
          ],
          [
            -0.4000598,
            39.4972837
          ],
          [
            -0.4001119,
            39.4973478
          ],
          [
            -0.4001608,
            39.4974157
          ],
          [
            -0.4002064,
            39.4974848
          ],
          [
            -0.4002617,
            39.4975715
          ],
          [
            -0.4003122,
            39.4976557
          ],
          [
            -0.4003578,
            39.4977197
          ],
          [
            -0.4003985,
            39.49777
          ],
          [
            -0.4004392,
            39.4978102
          ],
          [
            -0.4005597,
            39.4979283
          ],
          [
            -0.4008919,
            39.4982437
          ],
          [
            -0.4012045,
            39.4985327
          ],
          [
            -0.4013478,
            39.4986684
          ],
          [
            -0.401426,
            39.49874
          ],
          [
            -0.4014895,
            39.4987966
          ],
          [
            -0.4015595,
            39.4988519
          ],
          [
            -0.4017012,
            39.4989624
          ],
          [
            -0.401768,
            39.4990165
          ],
          [
            -0.4018217,
            39.4990617
          ],
          [
            -0.4018738,
            39.499112
          ],
          [
            -0.4020282,
            39.4992512
          ],
          [
            -0.4022599,
            39.49946
          ],
          [
            -0.4025268,
            39.499705
          ],
          [
            -0.4025618,
            39.4997404
          ],
          [
            -0.4025968,
            39.4997804
          ],
          [
            -0.4026277,
            39.4998231
          ],
          [
            -0.4026619,
            39.4998671
          ],
          [
            -0.4027026,
            39.4999073
          ],
          [
            -0.402758,
            39.4999588
          ],
          [
            -0.4028766,
            39.5000637
          ],
          [
            -0.403069,
            39.5002365
          ],
          [
            -0.4036292,
            39.5007592
          ],
          [
            -0.4037153,
            39.5008402
          ],
          [
            -0.4037953,
            39.5009163
          ],
          [
            -0.4038247,
            39.5009549
          ],
          [
            -0.4038409,
            39.5009753
          ],
          [
            -0.4038783,
            39.5010256
          ],
          [
            -0.4039255,
            39.5010872
          ],
          [
            -0.4039776,
            39.5011437
          ],
          [
            -0.4040395,
            39.501204
          ],
          [
            -0.4044824,
            39.5016199
          ],
          [
            -0.4047023,
            39.501826
          ],
          [
            -0.4048814,
            39.5019893
          ],
          [
            -0.4049872,
            39.5020848
          ],
          [
            -0.4050931,
            39.5021702
          ],
          [
            -0.4051794,
            39.5022368
          ],
          [
            -0.4052641,
            39.5022984
          ],
          [
            -0.4053618,
            39.5023612
          ],
          [
            -0.4054611,
            39.502419
          ],
          [
            -0.4055669,
            39.5024693
          ],
          [
            -0.4056891,
            39.5025208
          ],
          [
            -0.4058063,
            39.5025635
          ],
          [
            -0.4059561,
            39.5026087
          ],
          [
            -0.4061075,
            39.5026426
          ],
          [
            -0.4062671,
            39.5026715
          ],
          [
            -0.4064446,
            39.5026979
          ],
          [
            -0.4065961,
            39.5027117
          ],
          [
            -0.4067507,
            39.5027243
          ],
          [
            -0.4069168,
            39.5027306
          ],
          [
            -0.4070862,
            39.5027331
          ],
          [
            -0.4072832,
            39.5027243
          ],
          [
            -0.4074348,
            39.502715
          ],
          [
            -0.4078207,
            39.5026861
          ],
          [
            -0.4079933,
            39.502671
          ],
          [
            -0.4081773,
            39.5026497
          ],
          [
            -0.4083662,
            39.5026233
          ],
          [
            -0.4085307,
            39.5025944
          ],
          [
            -0.4087228,
            39.5025504
          ],
          [
            -0.4089215,
            39.5024989
          ],
          [
            -0.4091169,
            39.5024436
          ],
          [
            -0.4092879,
            39.5023996
          ],
          [
            -0.4093644,
            39.5023846
          ],
          [
            -0.4094344,
            39.502377
          ],
          [
            -0.4094931,
            39.502377
          ],
          [
            -0.40955,
            39.5023795
          ],
          [
            -0.4096119,
            39.5023883
          ],
          [
            -0.4096591,
            39.5023996
          ],
          [
            -0.4097113,
            39.5024147
          ],
          [
            -0.4097796,
            39.5024436
          ],
          [
            -0.4098692,
            39.5024901
          ],
          [
            -0.4099422,
            39.5025371
          ],
          [
            -0.4102079,
            39.5027062
          ],
          [
            -0.4104538,
            39.502867
          ],
          [
            -0.4108039,
            39.5030907
          ],
          [
            -0.4110551,
            39.5032499
          ],
          [
            -0.4110921,
            39.5032754
          ],
          [
            -0.411281,
            39.503391
          ],
          [
            -0.4114845,
            39.5035116
          ],
          [
            -0.4116783,
            39.5036196
          ],
          [
            -0.4118231,
            39.5036933
          ],
          [
            -0.4119059,
            39.5037386
          ],
          [
            -0.4119499,
            39.5037593
          ],
          [
            -0.4119823,
            39.5037755
          ],
          [
            -0.4121212,
            39.5038395
          ],
          [
            -0.4122808,
            39.5039161
          ],
          [
            -0.4123668,
            39.5039555
          ],
          [
            -0.4125185,
            39.5040229
          ],
          [
            -0.4127172,
            39.5041046
          ],
          [
            -0.4129175,
            39.5041812
          ],
          [
            -0.4131406,
            39.5042617
          ],
          [
            -0.4133392,
            39.5043308
          ],
          [
            -0.4136828,
            39.5044438
          ],
          [
            -0.414922,
            39.5048484
          ],
          [
            -0.4160977,
            39.5052278
          ],
          [
            -0.416508,
            39.5053601
          ],
          [
            -0.416723,
            39.5054299
          ],
          [
            -0.4174199,
            39.5056563
          ],
          [
            -0.4175469,
            39.505699
          ],
          [
            -0.4176202,
            39.5057291
          ],
          [
            -0.4176772,
            39.5057593
          ],
          [
            -0.4177277,
            39.5057894
          ],
          [
            -0.4177782,
            39.5058234
          ],
          [
            -0.4178254,
            39.5058673
          ],
          [
            -0.4178596,
            39.50591
          ],
          [
            -0.4178873,
            39.5059653
          ],
          [
            -0.4179052,
            39.5060143
          ],
          [
            -0.4179149,
            39.5060658
          ],
          [
            -0.4179149,
            39.5061161
          ],
          [
            -0.4179101,
            39.5061676
          ],
          [
            -0.417897,
            39.5062103
          ],
          [
            -0.4178824,
            39.5062505
          ],
          [
            -0.4178563,
            39.506302
          ],
          [
            -0.4178254,
            39.5063548
          ],
          [
            -0.4177896,
            39.5064101
          ],
          [
            -0.4175746,
            39.5067204
          ],
          [
            -0.4173357,
            39.5070732
          ],
          [
            -0.4171773,
            39.5072996
          ],
          [
            -0.4171549,
            39.5073347
          ],
          [
            -0.417139,
            39.5073605
          ],
          [
            -0.4171317,
            39.5073725
          ],
          [
            -0.4171122,
            39.5074076
          ],
          [
            -0.4170975,
            39.5074503
          ],
          [
            -0.4170865,
            39.5074854
          ],
          [
            -0.4170861,
            39.5075194
          ],
          [
            -0.4170926,
            39.5075596
          ],
          [
            -0.4170994,
            39.5075898
          ],
          [
            -0.4171284,
            39.5076313
          ],
          [
            -0.4171464,
            39.5076551
          ],
          [
            -0.4171854,
            39.5076878
          ],
          [
            -0.4171923,
            39.5076923
          ],
          [
            -0.4172204,
            39.5077105
          ],
          [
            -0.4172489,
            39.5077267
          ],
          [
            -0.4173108,
            39.5077481
          ],
          [
            -0.418265,
            39.5080584
          ],
          [
            -0.4190107,
            39.5083007
          ],
          [
            -0.4198625,
            39.5085763
          ],
          [
            -0.4202507,
            39.5087028
          ],
          [
            -0.4202968,
            39.5087179
          ],
          [
            -0.4207397,
            39.5088589
          ],
          [
            -0.421139,
            39.508993
          ],
          [
            -0.4213881,
            39.5090746
          ],
          [
            -0.4215347,
            39.5091224
          ],
          [
            -0.4216552,
            39.5091638
          ],
          [
            -0.4217675,
            39.5092078
          ],
          [
            -0.4218571,
            39.5092505
          ],
          [
            -0.4219727,
            39.509307
          ],
          [
            -0.4220829,
            39.5093744
          ],
          [
            -0.4221422,
            39.5094155
          ],
          [
            -0.422184,
            39.5094479
          ],
          [
            -0.4222285,
            39.5094851
          ],
          [
            -0.4222772,
            39.5095307
          ],
          [
            -0.4223195,
            39.5095721
          ],
          [
            -0.4223925,
            39.509655
          ],
          [
            -0.4224417,
            39.5097166
          ],
          [
            -0.4224882,
            39.5097775
          ],
          [
            -0.4225208,
            39.5098263
          ],
          [
            -0.4225469,
            39.5098707
          ],
          [
            -0.422567,
            39.5099038
          ],
          [
            -0.4226501,
            39.5100294
          ],
          [
            -0.4227038,
            39.5101111
          ],
          [
            -0.4227413,
            39.5101689
          ],
          [
            -0.4227836,
            39.5102317
          ],
          [
            -0.4228395,
            39.510305
          ],
          [
            -0.4228634,
            39.5103335
          ],
          [
            -0.4229171,
            39.5103988
          ],
          [
            -0.422966,
            39.5104528
          ],
          [
            -0.423023,
            39.5105144
          ],
          [
            -0.4230914,
            39.5105847
          ],
          [
            -0.4232363,
            39.5107267
          ],
          [
            -0.4234447,
            39.5109402
          ],
          [
            -0.4236271,
            39.5111174
          ],
          [
            -0.4237671,
            39.5112606
          ],
          [
            -0.4239218,
            39.5114113
          ],
          [
            -0.4240016,
            39.5114968
          ],
          [
            -0.424101,
            39.5116036
          ],
          [
            -0.4242052,
            39.5117216
          ],
          [
            -0.4243387,
            39.5118611
          ],
          [
            -0.4244159,
            39.5119377
          ],
          [
            -0.4246728,
            39.5121926
          ],
          [
            -0.4249357,
            39.5124601
          ],
          [
            -0.4251058,
            39.5126287
          ],
          [
            -0.4251832,
            39.5127093
          ],
          [
            -0.4252147,
            39.5127414
          ],
          [
            -0.4252538,
            39.5127853
          ],
          [
            -0.4252799,
            39.512823
          ],
          [
            -0.425301,
            39.5128632
          ],
          [
            -0.4253108,
            39.5128946
          ],
          [
            -0.4253173,
            39.5129223
          ],
          [
            -0.425314,
            39.5129537
          ],
          [
            -0.4253027,
            39.5129964
          ],
          [
            -0.4252847,
            39.5130303
          ],
          [
            -0.4252538,
            39.5130655
          ],
          [
            -0.4252196,
            39.5131006
          ],
          [
            -0.4251952,
            39.5131208
          ],
          [
            -0.4251626,
            39.5131484
          ],
          [
            -0.4250127,
            39.5132599
          ],
          [
            -0.4244315,
            39.5136923
          ],
          [
            -0.4234887,
            39.5143983
          ],
          [
            -0.4232081,
            39.5146077
          ],
          [
            -0.4228894,
            39.5148456
          ],
          [
            -0.4227493,
            39.5149499
          ],
          [
            -0.4224235,
            39.5151925
          ],
          [
            -0.4221192,
            39.5154159
          ],
          [
            -0.4221122,
            39.5154214
          ],
          [
            -0.4220036,
            39.5155076
          ],
          [
            -0.4219417,
            39.5155603
          ],
          [
            -0.4218896,
            39.5156194
          ],
          [
            -0.4218522,
            39.5156734
          ],
          [
            -0.4218228,
            39.5157237
          ],
          [
            -0.4217903,
            39.5157978
          ],
          [
            -0.4217675,
            39.5158794
          ],
          [
            -0.4217561,
            39.515951
          ],
          [
            -0.4217543,
            39.5160208
          ],
          [
            -0.421757,
            39.5160529
          ],
          [
            -0.4217724,
            39.5161168
          ],
          [
            -0.4217935,
            39.5161822
          ],
          [
            -0.421818,
            39.5162349
          ],
          [
            -0.4218427,
            39.5162794
          ],
          [
            -0.4218522,
            39.5162965
          ],
          [
            -0.4218815,
            39.5163379
          ],
          [
            -0.4219222,
            39.5163857
          ],
          [
            -0.4219629,
            39.5164271
          ],
          [
            -0.4220264,
            39.5164862
          ],
          [
            -0.4222088,
            39.5166495
          ],
          [
            -0.4226403,
            39.5170389
          ],
          [
            -0.4227119,
            39.5171017
          ],
          [
            -0.4227901,
            39.517167
          ],
          [
            -0.4228682,
            39.5172273
          ],
          [
            -0.4229594,
            39.5172951
          ],
          [
            -0.4230441,
            39.5173529
          ],
          [
            -0.4231988,
            39.5174584
          ],
          [
            -0.4233877,
            39.5175778
          ],
          [
            -0.4234935,
            39.5176481
          ],
          [
            -0.4235733,
            39.5177047
          ],
          [
            -0.423645,
            39.5177599
          ],
          [
            -0.4237141,
            39.517817
          ],
          [
            -0.4237899,
            39.5178793
          ],
          [
            -0.4238292,
            39.5179157
          ],
          [
            -0.4238876,
            39.5179697
          ],
          [
            -0.4239544,
            39.5180325
          ],
          [
            -0.4240218,
            39.5181061
          ],
          [
            -0.4240765,
            39.5181669
          ],
          [
            -0.4241563,
            39.5182611
          ],
          [
            -0.4242572,
            39.5183867
          ],
          [
            -0.4243387,
            39.5184872
          ],
          [
            -0.4244282,
            39.518599
          ],
          [
            -0.4245292,
            39.5187083
          ],
          [
            -0.4246187,
            39.5188
          ],
          [
            -0.4247392,
            39.5189068
          ],
          [
            -0.4251056,
            39.5192359
          ],
          [
            -0.4256414,
            39.5197183
          ],
          [
            -0.4259748,
            39.5200113
          ],
          [
            -0.4261364,
            39.5201516
          ],
          [
            -0.4262259,
            39.5202157
          ],
          [
            -0.4262992,
            39.5202571
          ],
          [
            -0.4263741,
            39.520291
          ],
          [
            -0.4264539,
            39.5203187
          ],
          [
            -0.4265467,
            39.5203375
          ],
          [
            -0.4266558,
            39.5203526
          ],
          [
            -0.42676,
            39.5203564
          ],
          [
            -0.4268756,
            39.5203463
          ],
          [
            -0.4269734,
            39.52033
          ],
          [
            -0.4270759,
            39.5202986
          ],
          [
            -0.4271834,
            39.5202509
          ],
          [
            -0.4272681,
            39.5202031
          ],
          [
            -0.4273479,
            39.5201378
          ],
          [
            -0.4274098,
            39.5200687
          ],
          [
            -0.4274619,
            39.5199996
          ],
          [
            -0.4275009,
            39.5199205
          ],
          [
            -0.4275286,
            39.5198338
          ],
          [
            -0.4275498,
            39.5197509
          ],
          [
            -0.427585,
            39.5195666
          ],
          [
            -0.4275997,
            39.5195063
          ],
          [
            -0.4276176,
            39.5194423
          ],
          [
            -0.427642,
            39.5193782
          ],
          [
            -0.4276713,
            39.5193192
          ],
          [
            -0.4277072,
            39.5192714
          ],
          [
            -0.4277332,
            39.5192413
          ],
          [
            -0.4277935,
            39.519186
          ],
          [
            -0.4278602,
            39.5191408
          ],
          [
            -0.4279303,
            39.5191094
          ],
          [
            -0.4280133,
            39.5190792
          ],
          [
            -0.4281045,
            39.5190541
          ],
          [
            -0.4282103,
            39.519034
          ],
          [
            -0.4283659,
            39.5190137
          ],
          [
            -0.4285557,
            39.5189905
          ],
          [
            -0.4287362,
            39.5189714
          ],
          [
            -0.4288654,
            39.5189659
          ],
          [
            -0.4289893,
            39.5189659
          ],
          [
            -0.4291256,
            39.5189782
          ],
          [
            -0.4292477,
            39.518996
          ],
          [
            -0.4293751,
            39.5190287
          ],
          [
            -0.4295131,
            39.5190738
          ],
          [
            -0.4296458,
            39.5191366
          ],
          [
            -0.4297467,
            39.5191953
          ],
          [
            -0.4298458,
            39.5192676
          ],
          [
            -0.429929,
            39.51934
          ],
          [
            -0.4300015,
            39.5194164
          ],
          [
            -0.4300599,
            39.5194874
          ],
          [
            -0.4301201,
            39.5195707
          ],
          [
            -0.4301643,
            39.5196389
          ],
          [
            -0.4302422,
            39.5197673
          ],
          [
            -0.4303448,
            39.5199433
          ],
          [
            -0.4304669,
            39.5201536
          ],
          [
            -0.4306173,
            39.5204061
          ],
          [
            -0.4306987,
            39.5205399
          ],
          [
            -0.4307766,
            39.5206532
          ],
          [
            -0.4308651,
            39.5207692
          ],
          [
            -0.4309482,
            39.5208716
          ],
          [
            -0.4310526,
            39.520989
          ],
          [
            -0.4311394,
            39.5210818
          ],
          [
            -0.4312491,
            39.5211869
          ],
          [
            -0.4313889,
            39.5213207
          ],
          [
            -0.4313947,
            39.5213259
          ],
          [
            -0.4316738,
            39.5215773
          ],
          [
            -0.4319692,
            39.5218418
          ],
          [
            -0.4321197,
            39.5219766
          ],
          [
            -0.4323604,
            39.5221889
          ],
          [
            -0.4326876,
            39.5224829
          ],
          [
            -0.4329072,
            39.5226803
          ],
          [
            -0.4333213,
            39.5230516
          ],
          [
            -0.4339406,
            39.5236057
          ],
          [
            -0.434053,
            39.5237061
          ],
          [
            -0.4345122,
            39.5241163
          ],
          [
            -0.4349391,
            39.5244989
          ],
          [
            -0.4350886,
            39.5246329
          ],
          [
            -0.4352944,
            39.5248194
          ],
          [
            -0.4354917,
            39.5249934
          ],
          [
            -0.4357467,
            39.5252204
          ],
          [
            -0.4358907,
            39.5253497
          ],
          [
            -0.4359447,
            39.5253879
          ],
          [
            -0.4359916,
            39.5254104
          ],
          [
            -0.4360438,
            39.5254275
          ],
          [
            -0.4360969,
            39.525433
          ],
          [
            -0.4361376,
            39.5254336
          ],
          [
            -0.4361801,
            39.5254295
          ],
          [
            -0.4362305,
            39.5254186
          ],
          [
            -0.4362747,
            39.5254016
          ],
          [
            -0.4363199,
            39.5253749
          ]
        ]
      }
    },
    {
      "type": "Feature",
      "properties": {
        "id": 5621789,
        "line": "4",
        "name": "Línia 4: Dr. Lluch => Fira València",
        "color": "#0B60A6",
        "source": "osm"
      },
      "geometry": {
        "type": "LineString",
        "coordinates": [
          [
            -0.328127,
            39.4684375
          ],
          [
            -0.3280942,
            39.4686702
          ],
          [
            -0.3279832,
            39.4694804
          ],
          [
            -0.3279759,
            39.4695287
          ],
          [
            -0.3279705,
            39.469564
          ],
          [
            -0.3279622,
            39.4696285
          ],
          [
            -0.3279503,
            39.4697068
          ],
          [
            -0.327777,
            39.4708486
          ],
          [
            -0.3276324,
            39.4718663
          ],
          [
            -0.3275746,
            39.472274
          ],
          [
            -0.3274903,
            39.4728354
          ],
          [
            -0.3272923,
            39.4742145
          ],
          [
            -0.3272861,
            39.4742669
          ],
          [
            -0.3272828,
            39.474295
          ],
          [
            -0.3272765,
            39.4743673
          ],
          [
            -0.3272803,
            39.4743972
          ],
          [
            -0.3272907,
            39.4744639
          ],
          [
            -0.3273066,
            39.4745054
          ],
          [
            -0.3273383,
            39.4745531
          ],
          [
            -0.3273657,
            39.4745921
          ],
          [
            -0.327416,
            39.4746411
          ],
          [
            -0.3274609,
            39.4746787
          ],
          [
            -0.3274817,
            39.4746914
          ],
          [
            -0.3275329,
            39.4747227
          ],
          [
            -0.3276113,
            39.4747566
          ],
          [
            -0.3276629,
            39.474774
          ],
          [
            -0.3278058,
            39.4748146
          ],
          [
            -0.3278388,
            39.474824
          ],
          [
            -0.3281044,
            39.4748996
          ],
          [
            -0.3286234,
            39.475051
          ],
          [
            -0.3287085,
            39.4750758
          ],
          [
            -0.3288027,
            39.475102
          ],
          [
            -0.328846,
            39.4751144
          ],
          [
            -0.3294029,
            39.4752756
          ],
          [
            -0.3298271,
            39.4753991
          ],
          [
            -0.3299179,
            39.4754252
          ],
          [
            -0.33276,
            39.4762423
          ],
          [
            -0.3328209,
            39.476258
          ],
          [
            -0.3328437,
            39.4762639
          ],
          [
            -0.3328785,
            39.4762728
          ],
          [
            -0.3329839,
            39.4763033
          ],
          [
            -0.3331255,
            39.4763456
          ],
          [
            -0.3337111,
            39.4765186
          ],
          [
            -0.3337351,
            39.4765256
          ],
          [
            -0.3338941,
            39.4765712
          ],
          [
            -0.3340258,
            39.4766093
          ],
          [
            -0.3344601,
            39.4767346
          ],
          [
            -0.3353414,
            39.4769881
          ],
          [
            -0.3367984,
            39.4774075
          ],
          [
            -0.3382478,
            39.4778264
          ],
          [
            -0.3382759,
            39.4778344
          ],
          [
            -0.3387859,
            39.4779803
          ],
          [
            -0.3395215,
            39.4781922
          ],
          [
            -0.3401197,
            39.4783659
          ],
          [
            -0.3401565,
            39.4783765
          ],
          [
            -0.3416947,
            39.4788187
          ],
          [
            -0.3417381,
            39.4788312
          ],
          [
            -0.3438122,
            39.4794275
          ],
          [
            -0.3438338,
            39.4794338
          ],
          [
            -0.3439805,
            39.4794773
          ],
          [
            -0.3441648,
            39.4795304
          ],
          [
            -0.3444889,
            39.4796238
          ],
          [
            -0.3451401,
            39.4798098
          ],
          [
            -0.3453358,
            39.4798685
          ],
          [
            -0.3455199,
            39.4799202
          ],
          [
            -0.3455547,
            39.4799302
          ],
          [
            -0.3471498,
            39.4803903
          ],
          [
            -0.347419,
            39.4804683
          ],
          [
            -0.3474698,
            39.4804822
          ],
          [
            -0.3496506,
            39.4811107
          ],
          [
            -0.3500026,
            39.4812122
          ],
          [
            -0.3503655,
            39.4813176
          ],
          [
            -0.3504038,
            39.4813286
          ],
          [
            -0.3506988,
            39.481411
          ],
          [
            -0.3514695,
            39.4816348
          ],
          [
            -0.3518626,
            39.4817489
          ],
          [
            -0.3520292,
            39.4817973
          ],
          [
            -0.3522544,
            39.481861
          ],
          [
            -0.3522902,
            39.4818719
          ],
          [
            -0.3537884,
            39.4823155
          ],
          [
            -0.3538713,
            39.4823399
          ],
          [
            -0.3539437,
            39.4823613
          ],
          [
            -0.354406,
            39.4824936
          ],
          [
            -0.3545188,
            39.4825274
          ],
          [
            -0.3545757,
            39.4825444
          ],
          [
            -0.355438,
            39.4827998
          ],
          [
            -0.3572778,
            39.4833333
          ],
          [
            -0.3576265,
            39.483434
          ],
          [
            -0.357664,
            39.4834449
          ],
          [
            -0.3577628,
            39.4834744
          ],
          [
            -0.3584388,
            39.4836765
          ],
          [
            -0.3595063,
            39.4839904
          ],
          [
            -0.3596626,
            39.4840363
          ],
          [
            -0.3608403,
            39.4843807
          ],
          [
            -0.3609824,
            39.4844223
          ],
          [
            -0.361933,
            39.4847006
          ],
          [
            -0.3623153,
            39.4848125
          ],
          [
            -0.3627231,
            39.4849332
          ],
          [
            -0.3630382,
            39.4850264
          ],
          [
            -0.3634267,
            39.4851411
          ],
          [
            -0.3635779,
            39.4851858
          ],
          [
            -0.3637041,
            39.4852223
          ],
          [
            -0.3637821,
            39.4852448
          ],
          [
            -0.3647142,
            39.4855161
          ],
          [
            -0.3651612,
            39.4856476
          ],
          [
            -0.3655382,
            39.4857625
          ],
          [
            -0.3657993,
            39.4858353
          ],
          [
            -0.3658847,
            39.4858605
          ],
          [
            -0.3669803,
            39.4861831
          ],
          [
            -0.3671992,
            39.4862472
          ],
          [
            -0.3674559,
            39.4863223
          ],
          [
            -0.367772,
            39.4864104
          ],
          [
            -0.3679114,
            39.4864465
          ],
          [
            -0.3680114,
            39.4864724
          ],
          [
            -0.3681723,
            39.4865114
          ],
          [
            -0.368224,
            39.4865237
          ],
          [
            -0.3684084,
            39.4865647
          ],
          [
            -0.3690612,
            39.4867158
          ],
          [
            -0.3693034,
            39.4867734
          ],
          [
            -0.3694091,
            39.4867986
          ],
          [
            -0.369454,
            39.4868093
          ],
          [
            -0.3695305,
            39.4868259
          ],
          [
            -0.3695838,
            39.4868356
          ],
          [
            -0.3696456,
            39.4868405
          ],
          [
            -0.3697042,
            39.4868393
          ],
          [
            -0.3697691,
            39.4868307
          ],
          [
            -0.3698341,
            39.4868099
          ],
          [
            -0.3698927,
            39.4867855
          ],
          [
            -0.3699323,
            39.4867647
          ],
          [
            -0.3699734,
            39.4867309
          ],
          [
            -0.3699877,
            39.486717
          ],
          [
            -0.3700146,
            39.4866902
          ],
          [
            -0.3700463,
            39.4866486
          ],
          [
            -0.3700961,
            39.4865705
          ],
          [
            -0.3704438,
            39.4860252
          ],
          [
            -0.3704538,
            39.4860096
          ],
          [
            -0.3705426,
            39.4858704
          ],
          [
            -0.3705975,
            39.4857844
          ],
          [
            -0.3706545,
            39.4856854
          ],
          [
            -0.3706909,
            39.4856157
          ],
          [
            -0.3707115,
            39.4855607
          ],
          [
            -0.3707346,
            39.485494
          ],
          [
            -0.3707611,
            39.4853949
          ],
          [
            -0.3707789,
            39.4853346
          ],
          [
            -0.370793,
            39.4852847
          ],
          [
            -0.3708052,
            39.4852511
          ],
          [
            -0.3708179,
            39.4852083
          ],
          [
            -0.3708348,
            39.4851628
          ],
          [
            -0.3708638,
            39.4851044
          ],
          [
            -0.3709097,
            39.4850276
          ],
          [
            -0.371042,
            39.4848244
          ],
          [
            -0.3710648,
            39.4847844
          ],
          [
            -0.3714926,
            39.4841188
          ],
          [
            -0.3716301,
            39.4838921
          ],
          [
            -0.3721401,
            39.4830963
          ],
          [
            -0.3722567,
            39.4829153
          ],
          [
            -0.3722716,
            39.4828922
          ],
          [
            -0.3723184,
            39.4828178
          ],
          [
            -0.3723761,
            39.4827259
          ],
          [
            -0.3724101,
            39.4826763
          ],
          [
            -0.3724316,
            39.4826477
          ],
          [
            -0.3724902,
            39.4825695
          ],
          [
            -0.3725569,
            39.482481
          ],
          [
            -0.3725884,
            39.4824399
          ],
          [
            -0.3726085,
            39.4824103
          ],
          [
            -0.3726184,
            39.4823959
          ],
          [
            -0.3727087,
            39.4822614
          ],
          [
            -0.3729692,
            39.4818507
          ],
          [
            -0.3730382,
            39.4817419
          ],
          [
            -0.3730714,
            39.4816832
          ],
          [
            -0.3730789,
            39.4816674
          ],
          [
            -0.3730952,
            39.4816331
          ],
          [
            -0.3731078,
            39.4815878
          ],
          [
            -0.3731089,
            39.481551
          ],
          [
            -0.3731043,
            39.4815133
          ],
          [
            -0.3731047,
            39.4814742
          ],
          [
            -0.3731158,
            39.4814301
          ],
          [
            -0.3731411,
            39.4813874
          ],
          [
            -0.3731823,
            39.4813482
          ],
          [
            -0.3732266,
            39.4813201
          ],
          [
            -0.3732947,
            39.4812969
          ],
          [
            -0.3733692,
            39.4812871
          ],
          [
            -0.3734341,
            39.4812896
          ],
          [
            -0.3734927,
            39.4813079
          ],
          [
            -0.3735434,
            39.4813336
          ],
          [
            -0.3735798,
            39.4813641
          ],
          [
            -0.3736163,
            39.4814106
          ],
          [
            -0.3736305,
            39.4814534
          ],
          [
            -0.3736384,
            39.4814962
          ],
          [
            -0.3736353,
            39.4815353
          ],
          [
            -0.3736178,
            39.4815744
          ],
          [
            -0.3735893,
            39.4816111
          ],
          [
            -0.3735577,
            39.4816404
          ],
          [
            -0.3735196,
            39.4816649
          ],
          [
            -0.3734801,
            39.481682
          ],
          [
            -0.3734246,
            39.4816979
          ],
          [
            -0.3733945,
            39.4817028
          ],
          [
            -0.3733533,
            39.4817064
          ],
          [
            -0.3733074,
            39.4817125
          ],
          [
            -0.3732631,
            39.4817223
          ],
          [
            -0.3732124,
            39.4817394
          ],
          [
            -0.3731696,
            39.481759
          ],
          [
            -0.3731348,
            39.4817859
          ],
          [
            -0.3730999,
            39.4818201
          ],
          [
            -0.373073,
            39.4818556
          ],
          [
            -0.3730553,
            39.4818829
          ],
          [
            -0.3730334,
            39.4819167
          ],
          [
            -0.3730179,
            39.4819409
          ],
          [
            -0.3728677,
            39.4821759
          ],
          [
            -0.3726951,
            39.482445
          ],
          [
            -0.3726538,
            39.4825092
          ],
          [
            -0.3725909,
            39.482611
          ],
          [
            -0.3725207,
            39.4827246
          ],
          [
            -0.3724997,
            39.4827626
          ],
          [
            -0.3724917,
            39.4827932
          ],
          [
            -0.3724854,
            39.4828298
          ],
          [
            -0.3724902,
            39.4829007
          ],
          [
            -0.3724965,
            39.4829741
          ],
          [
            -0.3724955,
            39.4829953
          ],
          [
            -0.372487,
            39.4830266
          ],
          [
            -0.3724727,
            39.4830572
          ],
          [
            -0.3724506,
            39.4830963
          ],
          [
            -0.3721211,
            39.4836146
          ],
          [
            -0.3718344,
            39.484062
          ],
          [
            -0.3717351,
            39.4842167
          ],
          [
            -0.371486,
            39.4846048
          ],
          [
            -0.3713085,
            39.4848818
          ],
          [
            -0.3712822,
            39.4849229
          ],
          [
            -0.3711962,
            39.4850521
          ],
          [
            -0.3710402,
            39.4853041
          ],
          [
            -0.3709764,
            39.4854045
          ],
          [
            -0.3709491,
            39.4854592
          ],
          [
            -0.3709396,
            39.4855045
          ],
          [
            -0.3709317,
            39.485557
          ],
          [
            -0.3709301,
            39.485623
          ],
          [
            -0.3709361,
            39.4856917
          ],
          [
            -0.3709523,
            39.4857428
          ],
          [
            -0.3709782,
            39.4858087
          ],
          [
            -0.3709894,
            39.4858355
          ],
          [
            -0.3710054,
            39.485872
          ],
          [
            -0.3710341,
            39.4859238
          ],
          [
            -0.3710482,
            39.4859485
          ],
          [
            -0.371079,
            39.4859971
          ],
          [
            -0.3711376,
            39.4860729
          ],
          [
            -0.3711882,
            39.4861364
          ],
          [
            -0.3712611,
            39.4862134
          ],
          [
            -0.3713377,
            39.4862801
          ],
          [
            -0.3713926,
            39.4863259
          ],
          [
            -0.3714527,
            39.486376
          ],
          [
            -0.3715272,
            39.4864225
          ],
          [
            -0.3716082,
            39.4864684
          ],
          [
            -0.3716919,
            39.4865154
          ],
          [
            -0.3717787,
            39.4865578
          ],
          [
            -0.3717869,
            39.4865618
          ],
          [
            -0.371893,
            39.486607
          ],
          [
            -0.3719833,
            39.4866376
          ],
          [
            -0.3720942,
            39.4866694
          ],
          [
            -0.3722257,
            39.4866999
          ],
          [
            -0.3723397,
            39.4867183
          ],
          [
            -0.372449,
            39.4867317
          ],
          [
            -0.3725535,
            39.4867391
          ],
          [
            -0.3725939,
            39.4867407
          ],
          [
            -0.3726755,
            39.4867439
          ],
          [
            -0.3727658,
            39.4867425
          ],
          [
            -0.3728481,
            39.4867391
          ],
          [
            -0.3729447,
            39.4867329
          ],
          [
            -0.3729941,
            39.4867285
          ],
          [
            -0.3730049,
            39.4867276
          ],
          [
            -0.373054,
            39.4867232
          ],
          [
            -0.3732282,
            39.4867073
          ],
          [
            -0.3739014,
            39.48664
          ],
          [
            -0.3746476,
            39.4865659
          ],
          [
            -0.374882,
            39.4865425
          ],
          [
            -0.3751581,
            39.4865153
          ],
          [
            -0.375167,
            39.4865144
          ],
          [
            -0.3755171,
            39.4864801
          ],
          [
            -0.3758873,
            39.4864446
          ],
          [
            -0.3759071,
            39.4864427
          ],
          [
            -0.3762858,
            39.4864063
          ],
          [
            -0.3764751,
            39.4863833
          ],
          [
            -0.3776218,
            39.4862697
          ],
          [
            -0.3777612,
            39.4862587
          ],
          [
            -0.3779132,
            39.4862513
          ],
          [
            -0.3780147,
            39.4862482
          ],
          [
            -0.3780304,
            39.4862477
          ],
          [
            -0.3780632,
            39.486247
          ],
          [
            -0.3781578,
            39.4862447
          ],
          [
            -0.3782251,
            39.4862465
          ],
          [
            -0.3783229,
            39.4862505
          ],
          [
            -0.3783994,
            39.486255
          ],
          [
            -0.3785467,
            39.486266
          ],
          [
            -0.3787146,
            39.486277
          ],
          [
            -0.3790599,
            39.4863002
          ],
          [
            -0.3791739,
            39.4863039
          ],
          [
            -0.3792801,
            39.4863027
          ],
          [
            -0.3793751,
            39.4862978
          ],
          [
            -0.3794685,
            39.4862856
          ],
          [
            -0.379562,
            39.4862709
          ],
          [
            -0.3796491,
            39.4862513
          ],
          [
            -0.3797495,
            39.4862281
          ],
          [
            -0.3798259,
            39.4862132
          ],
          [
            -0.3799886,
            39.4861709
          ],
          [
            -0.3808069,
            39.485991
          ],
          [
            -0.380932,
            39.4859702
          ],
          [
            -0.3810349,
            39.4859604
          ],
          [
            -0.3811442,
            39.4859567
          ],
          [
            -0.3812963,
            39.4859567
          ],
          [
            -0.3816827,
            39.4859604
          ],
          [
            -0.3821319,
            39.4859688
          ],
          [
            -0.3822862,
            39.48598
          ],
          [
            -0.3823986,
            39.485991
          ],
          [
            -0.3825222,
            39.4860093
          ],
          [
            -0.3826299,
            39.4860386
          ],
          [
            -0.3827296,
            39.4860753
          ],
          [
            -0.3828183,
            39.4861169
          ],
          [
            -0.3829102,
            39.4861645
          ],
          [
            -0.3829926,
            39.4862171
          ],
          [
            -0.3830447,
            39.486249
          ],
          [
            -0.3831764,
            39.4863798
          ],
          [
            -0.3832718,
            39.4865173
          ],
          [
            -0.3833412,
            39.4866617
          ],
          [
            -0.3834104,
            39.4868337
          ],
          [
            -0.3834727,
            39.4870118
          ],
          [
            -0.3835548,
            39.4872362
          ],
          [
            -0.3837032,
            39.4876443
          ],
          [
            -0.3838206,
            39.4879662
          ],
          [
            -0.38392,
            39.4882335
          ],
          [
            -0.3839335,
            39.4882642
          ],
          [
            -0.3839364,
            39.4882709
          ],
          [
            -0.3839645,
            39.4883257
          ],
          [
            -0.3839836,
            39.4883641
          ],
          [
            -0.3840154,
            39.4884202
          ],
          [
            -0.3840278,
            39.4884382
          ],
          [
            -0.3840693,
            39.4884842
          ],
          [
            -0.3841188,
            39.4885307
          ],
          [
            -0.3841772,
            39.4885841
          ],
          [
            -0.3842182,
            39.4886156
          ],
          [
            -0.3842522,
            39.4886385
          ],
          [
            -0.3843042,
            39.4886722
          ],
          [
            -0.3843592,
            39.4887035
          ],
          [
            -0.3844922,
            39.48877
          ],
          [
            -0.3847324,
            39.4888788
          ],
          [
            -0.3848755,
            39.4889411
          ],
          [
            -0.3850794,
            39.4890263
          ],
          [
            -0.3852757,
            39.489102
          ],
          [
            -0.3854799,
            39.4891756
          ],
          [
            -0.3857327,
            39.4892601
          ],
          [
            -0.3858536,
            39.4893003
          ],
          [
            -0.385973,
            39.489336
          ],
          [
            -0.38606,
            39.4893615
          ],
          [
            -0.3861394,
            39.4893824
          ],
          [
            -0.3862401,
            39.4894077
          ],
          [
            -0.3863889,
            39.4894464
          ],
          [
            -0.386515,
            39.4894772
          ],
          [
            -0.3866562,
            39.4895092
          ],
          [
            -0.3868503,
            39.4895503
          ],
          [
            -0.3870293,
            39.4895838
          ],
          [
            -0.3872771,
            39.4896238
          ],
          [
            -0.3874621,
            39.4896528
          ],
          [
            -0.3878691,
            39.4897082
          ],
          [
            -0.3881554,
            39.4897447
          ],
          [
            -0.3885297,
            39.4897946
          ],
          [
            -0.3888176,
            39.4898336
          ],
          [
            -0.3889022,
            39.4898453
          ],
          [
            -0.3892771,
            39.489897
          ],
          [
            -0.3893986,
            39.4899138
          ],
          [
            -0.3900098,
            39.4899982
          ],
          [
            -0.3902655,
            39.4900345
          ],
          [
            -0.3904795,
            39.4900685
          ],
          [
            -0.3906106,
            39.4900926
          ],
          [
            -0.3906894,
            39.490108
          ],
          [
            -0.3908298,
            39.4901359
          ],
          [
            -0.3909471,
            39.4901647
          ],
          [
            -0.3911354,
            39.490216
          ],
          [
            -0.3911675,
            39.4902248
          ],
          [
            -0.3912097,
            39.4902369
          ],
          [
            -0.3913845,
            39.4902908
          ],
          [
            -0.3915631,
            39.4903538
          ],
          [
            -0.3917823,
            39.4904411
          ],
          [
            -0.3919446,
            39.4905131
          ],
          [
            -0.3921664,
            39.4906216
          ],
          [
            -0.392252,
            39.4906661
          ],
          [
            -0.3923863,
            39.4907427
          ],
          [
            -0.3925337,
            39.490832
          ],
          [
            -0.3926889,
            39.4909335
          ],
          [
            -0.3928569,
            39.4910538
          ],
          [
            -0.3930252,
            39.4911857
          ],
          [
            -0.3931873,
            39.4913287
          ],
          [
            -0.3934287,
            39.4915462
          ],
          [
            -0.3935073,
            39.4916194
          ],
          [
            -0.39356,
            39.4916684
          ],
          [
            -0.3943363,
            39.4923948
          ],
          [
            -0.3943853,
            39.4924421
          ],
          [
            -0.3944797,
            39.4925287
          ],
          [
            -0.3947103,
            39.492747
          ],
          [
            -0.3948958,
            39.4929197
          ],
          [
            -0.3956586,
            39.4936301
          ],
          [
            -0.3957486,
            39.4937143
          ],
          [
            -0.3958165,
            39.4937806
          ],
          [
            -0.3958596,
            39.4938223
          ],
          [
            -0.3960323,
            39.4939873
          ],
          [
            -0.3962873,
            39.4942195
          ],
          [
            -0.3964995,
            39.4944138
          ],
          [
            -0.396686,
            39.494586
          ],
          [
            -0.3967299,
            39.4946265
          ],
          [
            -0.3967936,
            39.4946865
          ],
          [
            -0.3971283,
            39.4950017
          ],
          [
            -0.3974498,
            39.4952975
          ],
          [
            -0.3975407,
            39.4953779
          ],
          [
            -0.3975843,
            39.4954186
          ],
          [
            -0.3976298,
            39.4954611
          ],
          [
            -0.39791,
            39.495725
          ],
          [
            -0.3981543,
            39.495951
          ],
          [
            -0.3983892,
            39.4961751
          ],
          [
            -0.3986399,
            39.4964118
          ],
          [
            -0.398719,
            39.496484
          ],
          [
            -0.3987849,
            39.496535
          ],
          [
            -0.39886,
            39.4965905
          ],
          [
            -0.3989442,
            39.4966395
          ],
          [
            -0.3990344,
            39.4966831
          ],
          [
            -0.3991323,
            39.4967242
          ],
          [
            -0.3993467,
            39.4968102
          ],
          [
            -0.3995422,
            39.4968941
          ],
          [
            -0.3996128,
            39.4969297
          ],
          [
            -0.3996707,
            39.4969633
          ],
          [
            -0.3997114,
            39.4969903
          ],
          [
            -0.3997565,
            39.497017
          ],
          [
            -0.3997902,
            39.497042
          ],
          [
            -0.39984,
            39.4970789
          ],
          [
            -0.3999198,
            39.497143
          ],
          [
            -0.3999865,
            39.4972058
          ],
          [
            -0.4000598,
            39.4972837
          ],
          [
            -0.4001119,
            39.4973478
          ],
          [
            -0.4001608,
            39.4974157
          ],
          [
            -0.4002064,
            39.4974848
          ],
          [
            -0.4002617,
            39.4975715
          ],
          [
            -0.4003122,
            39.4976557
          ],
          [
            -0.4003578,
            39.4977197
          ],
          [
            -0.4003985,
            39.49777
          ],
          [
            -0.4004392,
            39.4978102
          ],
          [
            -0.4005597,
            39.4979283
          ],
          [
            -0.4008919,
            39.4982437
          ],
          [
            -0.4012045,
            39.4985327
          ],
          [
            -0.4013478,
            39.4986684
          ],
          [
            -0.401426,
            39.49874
          ],
          [
            -0.4014895,
            39.4987966
          ],
          [
            -0.4015595,
            39.4988519
          ],
          [
            -0.4017012,
            39.4989624
          ],
          [
            -0.401768,
            39.4990165
          ],
          [
            -0.4018217,
            39.4990617
          ],
          [
            -0.4018738,
            39.499112
          ],
          [
            -0.4020282,
            39.4992512
          ],
          [
            -0.4022599,
            39.49946
          ],
          [
            -0.4025268,
            39.499705
          ],
          [
            -0.4025618,
            39.4997404
          ],
          [
            -0.4025968,
            39.4997804
          ],
          [
            -0.4026277,
            39.4998231
          ],
          [
            -0.4026619,
            39.4998671
          ],
          [
            -0.4027026,
            39.4999073
          ],
          [
            -0.402758,
            39.4999588
          ],
          [
            -0.4028766,
            39.5000637
          ],
          [
            -0.403069,
            39.5002365
          ],
          [
            -0.4036292,
            39.5007592
          ],
          [
            -0.4037153,
            39.5008402
          ],
          [
            -0.4037953,
            39.5009163
          ],
          [
            -0.4038247,
            39.5009549
          ],
          [
            -0.4038409,
            39.5009753
          ],
          [
            -0.4038783,
            39.5010256
          ],
          [
            -0.4039255,
            39.5010872
          ],
          [
            -0.4039776,
            39.5011437
          ],
          [
            -0.4040395,
            39.501204
          ],
          [
            -0.4044824,
            39.5016199
          ],
          [
            -0.4047023,
            39.501826
          ],
          [
            -0.4048814,
            39.5019893
          ],
          [
            -0.4049872,
            39.5020848
          ],
          [
            -0.4050931,
            39.5021702
          ],
          [
            -0.4051794,
            39.5022368
          ],
          [
            -0.4052641,
            39.5022984
          ],
          [
            -0.4053618,
            39.5023612
          ],
          [
            -0.4054611,
            39.502419
          ],
          [
            -0.4055669,
            39.5024693
          ],
          [
            -0.4056891,
            39.5025208
          ],
          [
            -0.4058063,
            39.5025635
          ],
          [
            -0.4059561,
            39.5026087
          ],
          [
            -0.4061075,
            39.5026426
          ],
          [
            -0.4062671,
            39.5026715
          ],
          [
            -0.4064446,
            39.5026979
          ],
          [
            -0.4065961,
            39.5027117
          ],
          [
            -0.4067507,
            39.5027243
          ],
          [
            -0.4069168,
            39.5027306
          ],
          [
            -0.4070862,
            39.5027331
          ],
          [
            -0.4072832,
            39.5027243
          ],
          [
            -0.4074348,
            39.502715
          ],
          [
            -0.4078207,
            39.5026861
          ],
          [
            -0.4079933,
            39.502671
          ],
          [
            -0.4081773,
            39.5026497
          ],
          [
            -0.4083662,
            39.5026233
          ],
          [
            -0.4085307,
            39.5025944
          ],
          [
            -0.4087228,
            39.5025504
          ],
          [
            -0.4089215,
            39.5024989
          ],
          [
            -0.4091169,
            39.5024436
          ],
          [
            -0.4092879,
            39.5023996
          ],
          [
            -0.4093644,
            39.5023846
          ],
          [
            -0.4094344,
            39.502377
          ],
          [
            -0.4094931,
            39.502377
          ],
          [
            -0.40955,
            39.5023795
          ],
          [
            -0.4096119,
            39.5023883
          ],
          [
            -0.4096591,
            39.5023996
          ],
          [
            -0.4097113,
            39.5024147
          ],
          [
            -0.4097796,
            39.5024436
          ],
          [
            -0.4098692,
            39.5024901
          ],
          [
            -0.4099422,
            39.5025371
          ],
          [
            -0.4102079,
            39.5027062
          ],
          [
            -0.4104538,
            39.502867
          ],
          [
            -0.4108039,
            39.5030907
          ],
          [
            -0.4110551,
            39.5032499
          ],
          [
            -0.4110921,
            39.5032754
          ],
          [
            -0.411281,
            39.503391
          ],
          [
            -0.4114845,
            39.5035116
          ],
          [
            -0.4116783,
            39.5036196
          ],
          [
            -0.4118231,
            39.5036933
          ],
          [
            -0.4119059,
            39.5037386
          ],
          [
            -0.4119499,
            39.5037593
          ],
          [
            -0.4119823,
            39.5037755
          ],
          [
            -0.4121212,
            39.5038395
          ],
          [
            -0.4122808,
            39.5039161
          ],
          [
            -0.4123668,
            39.5039555
          ],
          [
            -0.4125185,
            39.5040229
          ],
          [
            -0.4127172,
            39.5041046
          ],
          [
            -0.4129175,
            39.5041812
          ],
          [
            -0.4131406,
            39.5042617
          ],
          [
            -0.4133392,
            39.5043308
          ],
          [
            -0.4136828,
            39.5044438
          ],
          [
            -0.414922,
            39.5048484
          ],
          [
            -0.4160977,
            39.5052278
          ],
          [
            -0.416508,
            39.5053601
          ],
          [
            -0.416723,
            39.5054299
          ],
          [
            -0.4174199,
            39.5056563
          ],
          [
            -0.4175469,
            39.505699
          ],
          [
            -0.4176202,
            39.5057291
          ],
          [
            -0.4176772,
            39.5057593
          ],
          [
            -0.4177277,
            39.5057894
          ],
          [
            -0.4177782,
            39.5058234
          ],
          [
            -0.4178254,
            39.5058673
          ],
          [
            -0.4178596,
            39.50591
          ],
          [
            -0.4178873,
            39.5059653
          ],
          [
            -0.4179052,
            39.5060143
          ],
          [
            -0.4179149,
            39.5060658
          ],
          [
            -0.4179149,
            39.5061161
          ],
          [
            -0.4179101,
            39.5061676
          ],
          [
            -0.417897,
            39.5062103
          ],
          [
            -0.4178824,
            39.5062505
          ],
          [
            -0.4178563,
            39.506302
          ],
          [
            -0.4178254,
            39.5063548
          ],
          [
            -0.4177896,
            39.5064101
          ],
          [
            -0.4175746,
            39.5067204
          ],
          [
            -0.4173357,
            39.5070732
          ],
          [
            -0.4171773,
            39.5072996
          ],
          [
            -0.4171549,
            39.5073347
          ],
          [
            -0.417139,
            39.5073605
          ],
          [
            -0.4171317,
            39.5073725
          ],
          [
            -0.4171122,
            39.5074076
          ],
          [
            -0.4170975,
            39.5074503
          ],
          [
            -0.4170865,
            39.5074854
          ],
          [
            -0.4170861,
            39.5075194
          ],
          [
            -0.4170926,
            39.5075596
          ],
          [
            -0.4170994,
            39.5075898
          ],
          [
            -0.4171284,
            39.5076313
          ],
          [
            -0.4171464,
            39.5076551
          ],
          [
            -0.4171854,
            39.5076878
          ],
          [
            -0.4171923,
            39.5076923
          ],
          [
            -0.4172204,
            39.5077105
          ],
          [
            -0.4172489,
            39.5077267
          ],
          [
            -0.4173108,
            39.5077481
          ],
          [
            -0.418265,
            39.5080584
          ],
          [
            -0.4190107,
            39.5083007
          ],
          [
            -0.4198625,
            39.5085763
          ],
          [
            -0.4202507,
            39.5087028
          ],
          [
            -0.4202968,
            39.5087179
          ],
          [
            -0.4207397,
            39.5088589
          ],
          [
            -0.4207751,
            39.5088794
          ],
          [
            -0.4208234,
            39.5089043
          ],
          [
            -0.4208696,
            39.5089308
          ],
          [
            -0.4209384,
            39.5089706
          ],
          [
            -0.4209932,
            39.5089963
          ],
          [
            -0.4210576,
            39.509017
          ],
          [
            -0.421308,
            39.5091007
          ],
          [
            -0.4215647,
            39.5091861
          ],
          [
            -0.4216775,
            39.5092275
          ],
          [
            -0.4217724,
            39.5092659
          ],
          [
            -0.4218677,
            39.5093104
          ],
          [
            -0.4219483,
            39.5093543
          ],
          [
            -0.4220235,
            39.5094016
          ],
          [
            -0.4220911,
            39.5094497
          ],
          [
            -0.4221717,
            39.5095118
          ],
          [
            -0.4222087,
            39.5095446
          ],
          [
            -0.4222222,
            39.5095566
          ],
          [
            -0.4222673,
            39.5096005
          ],
          [
            -0.4223173,
            39.5096469
          ],
          [
            -0.4223629,
            39.5097116
          ],
          [
            -0.4224102,
            39.5097713
          ],
          [
            -0.4224522,
            39.5098298
          ],
          [
            -0.4224951,
            39.509879
          ],
          [
            -0.4225198,
            39.5099072
          ],
          [
            -0.4225459,
            39.5099288
          ],
          [
            -0.422581,
            39.5099536
          ],
          [
            -0.4226111,
            39.5099694
          ],
          [
            -0.4226485,
            39.509983
          ],
          [
            -0.4226885,
            39.5099934
          ],
          [
            -0.422725,
            39.5099984
          ],
          [
            -0.4227604,
            39.51
          ],
          [
            -0.4228109,
            39.509995
          ],
          [
            -0.422855,
            39.5099859
          ],
          [
            -0.4228969,
            39.5099718
          ],
          [
            -0.4229291,
            39.5099553
          ],
          [
            -0.4229603,
            39.5099362
          ],
          [
            -0.4229897,
            39.5099103
          ],
          [
            -0.4230121,
            39.5098828
          ],
          [
            -0.4230304,
            39.5098522
          ],
          [
            -0.4230444,
            39.5098198
          ],
          [
            -0.4230508,
            39.5097908
          ],
          [
            -0.4230548,
            39.5097166
          ],
          [
            -0.4230623,
            39.5096834
          ],
          [
            -0.4230774,
            39.5096444
          ],
          [
            -0.4230978,
            39.5096105
          ],
          [
            -0.4231268,
            39.5095806
          ],
          [
            -0.423167,
            39.5095546
          ],
          [
            -0.4232002,
            39.5095317
          ],
          [
            -0.4232686,
            39.5094861
          ],
          [
            -0.4233279,
            39.509448
          ],
          [
            -0.4235771,
            39.5092872
          ],
          [
            -0.4239897,
            39.5090218
          ],
          [
            -0.4240036,
            39.5090129
          ],
          [
            -0.4241207,
            39.5089317
          ],
          [
            -0.4242174,
            39.5088595
          ],
          [
            -0.4243216,
            39.5087733
          ],
          [
            -0.424486,
            39.5086432
          ],
          [
            -0.4249168,
            39.5083282
          ],
          [
            -0.4249238,
            39.5083228
          ],
          [
            -0.4250543,
            39.508223
          ],
          [
            -0.4251521,
            39.5081525
          ],
          [
            -0.4252423,
            39.5080854
          ],
          [
            -0.4253003,
            39.5080365
          ],
          [
            -0.425354,
            39.5079776
          ],
          [
            -0.4253884,
            39.5079304
          ],
          [
            -0.4254185,
            39.5078748
          ],
          [
            -0.4254432,
            39.5078177
          ],
          [
            -0.4254615,
            39.5077447
          ],
          [
            -0.4254647,
            39.5077016
          ],
          [
            -0.4254647,
            39.5076461
          ],
          [
            -0.4254583,
            39.5075847
          ],
          [
            -0.4254411,
            39.5075242
          ],
          [
            -0.4254099,
            39.5074513
          ],
          [
            -0.425382,
            39.5073974
          ],
          [
            -0.4253379,
            39.5073261
          ],
          [
            -0.4252702,
            39.5072308
          ],
          [
            -0.4251693,
            39.5071007
          ],
          [
            -0.4250844,
            39.5069904
          ],
          [
            -0.4249813,
            39.5068553
          ],
          [
            -0.42492,
            39.506765
          ],
          [
            -0.4248856,
            39.5067069
          ],
          [
            -0.4248556,
            39.506639
          ],
          [
            -0.4248351,
            39.5065859
          ],
          [
            -0.4248201,
            39.5065279
          ],
          [
            -0.4248104,
            39.5064691
          ],
          [
            -0.4248072,
            39.5063961
          ],
          [
            -0.4248115,
            39.506324
          ],
          [
            -0.4248255,
            39.5062585
          ],
          [
            -0.4248463,
            39.5061937
          ],
          [
            -0.4248651,
            39.5061413
          ],
          [
            -0.424877,
            39.5060876
          ],
          [
            -0.4248846,
            39.5060339
          ],
          [
            -0.4248835,
            39.5059717
          ],
          [
            -0.4248749,
            39.5059236
          ],
          [
            -0.4248609,
            39.5058789
          ],
          [
            -0.4248448,
            39.5058391
          ],
          [
            -0.424804,
            39.5057521
          ],
          [
            -0.4247857,
            39.5057073
          ],
          [
            -0.4247728,
            39.505665
          ],
          [
            -0.4247653,
            39.5056244
          ],
          [
            -0.4247642,
            39.5055788
          ],
          [
            -0.4247653,
            39.5055299
          ],
          [
            -0.4247718,
            39.5054719
          ],
          [
            -0.4247825,
            39.5054197
          ],
          [
            -0.4248072,
            39.5053243
          ],
          [
            -0.4249232,
            39.5049546
          ],
          [
            -0.4250178,
            39.5046521
          ],
          [
            -0.4250489,
            39.5045642
          ],
          [
            -0.4250841,
            39.5044979
          ],
          [
            -0.4251183,
            39.5044416
          ],
          [
            -0.4251604,
            39.5043844
          ],
          [
            -0.42518,
            39.5043588
          ],
          [
            -0.4251912,
            39.504345
          ],
          [
            -0.4252021,
            39.5043335
          ],
          [
            -0.4252433,
            39.504292
          ],
          [
            -0.4252758,
            39.5042629
          ],
          [
            -0.4253134,
            39.5042345
          ],
          [
            -0.4255568,
            39.5040402
          ]
        ]
      }
    },
    {
      "type": "Feature",
      "properties": {
        "id": 5621890,
        "line": "4",
        "name": "Línia 4: Dr. Lluch => Lloma Llarga Terramelar",
        "color": "#0B60A6",
        "source": "osm"
      },
      "geometry": {
        "type": "LineString",
        "coordinates": [
          [
            -0.328127,
            39.4684375
          ],
          [
            -0.3280942,
            39.4686702
          ],
          [
            -0.3279832,
            39.4694804
          ],
          [
            -0.3279759,
            39.4695287
          ],
          [
            -0.3279705,
            39.469564
          ],
          [
            -0.3279622,
            39.4696285
          ],
          [
            -0.3279503,
            39.4697068
          ],
          [
            -0.327777,
            39.4708486
          ],
          [
            -0.3276324,
            39.4718663
          ],
          [
            -0.3275746,
            39.472274
          ],
          [
            -0.3274903,
            39.4728354
          ],
          [
            -0.3272923,
            39.4742145
          ],
          [
            -0.3272861,
            39.4742669
          ],
          [
            -0.3272828,
            39.474295
          ],
          [
            -0.3272765,
            39.4743673
          ],
          [
            -0.3272803,
            39.4743972
          ],
          [
            -0.3272907,
            39.4744639
          ],
          [
            -0.3273066,
            39.4745054
          ],
          [
            -0.3273383,
            39.4745531
          ],
          [
            -0.3273657,
            39.4745921
          ],
          [
            -0.327416,
            39.4746411
          ],
          [
            -0.3274609,
            39.4746787
          ],
          [
            -0.3274817,
            39.4746914
          ],
          [
            -0.3275329,
            39.4747227
          ],
          [
            -0.3276113,
            39.4747566
          ],
          [
            -0.3276629,
            39.474774
          ],
          [
            -0.3278058,
            39.4748146
          ],
          [
            -0.3278388,
            39.474824
          ],
          [
            -0.3281044,
            39.4748996
          ],
          [
            -0.3286234,
            39.475051
          ],
          [
            -0.3287085,
            39.4750758
          ],
          [
            -0.3288027,
            39.475102
          ],
          [
            -0.328846,
            39.4751144
          ],
          [
            -0.3294029,
            39.4752756
          ],
          [
            -0.3298271,
            39.4753991
          ],
          [
            -0.3299179,
            39.4754252
          ],
          [
            -0.33276,
            39.4762423
          ],
          [
            -0.3328209,
            39.476258
          ],
          [
            -0.3328437,
            39.4762639
          ],
          [
            -0.3328785,
            39.4762728
          ],
          [
            -0.3329839,
            39.4763033
          ],
          [
            -0.3331255,
            39.4763456
          ],
          [
            -0.3337111,
            39.4765186
          ],
          [
            -0.3337351,
            39.4765256
          ],
          [
            -0.3338941,
            39.4765712
          ],
          [
            -0.3340258,
            39.4766093
          ],
          [
            -0.3344601,
            39.4767346
          ],
          [
            -0.3353414,
            39.4769881
          ],
          [
            -0.3367984,
            39.4774075
          ],
          [
            -0.3382478,
            39.4778264
          ],
          [
            -0.3382759,
            39.4778344
          ],
          [
            -0.3387859,
            39.4779803
          ],
          [
            -0.3395215,
            39.4781922
          ],
          [
            -0.3401197,
            39.4783659
          ],
          [
            -0.3401565,
            39.4783765
          ],
          [
            -0.3416947,
            39.4788187
          ],
          [
            -0.3417381,
            39.4788312
          ],
          [
            -0.3438122,
            39.4794275
          ],
          [
            -0.3438338,
            39.4794338
          ],
          [
            -0.3439805,
            39.4794773
          ],
          [
            -0.3441648,
            39.4795304
          ],
          [
            -0.3444889,
            39.4796238
          ],
          [
            -0.3451401,
            39.4798098
          ],
          [
            -0.3453358,
            39.4798685
          ],
          [
            -0.3455199,
            39.4799202
          ],
          [
            -0.3455547,
            39.4799302
          ],
          [
            -0.3471498,
            39.4803903
          ],
          [
            -0.347419,
            39.4804683
          ],
          [
            -0.3474698,
            39.4804822
          ],
          [
            -0.3496506,
            39.4811107
          ],
          [
            -0.3500026,
            39.4812122
          ],
          [
            -0.3503655,
            39.4813176
          ],
          [
            -0.3504038,
            39.4813286
          ],
          [
            -0.3506988,
            39.481411
          ],
          [
            -0.3514695,
            39.4816348
          ],
          [
            -0.3518626,
            39.4817489
          ],
          [
            -0.3520292,
            39.4817973
          ],
          [
            -0.3522544,
            39.481861
          ],
          [
            -0.3522902,
            39.4818719
          ],
          [
            -0.3537884,
            39.4823155
          ],
          [
            -0.3538713,
            39.4823399
          ],
          [
            -0.3539437,
            39.4823613
          ],
          [
            -0.354406,
            39.4824936
          ],
          [
            -0.3545188,
            39.4825274
          ],
          [
            -0.3545757,
            39.4825444
          ],
          [
            -0.355438,
            39.4827998
          ],
          [
            -0.3572778,
            39.4833333
          ],
          [
            -0.3576265,
            39.483434
          ],
          [
            -0.357664,
            39.4834449
          ],
          [
            -0.3577628,
            39.4834744
          ],
          [
            -0.3584388,
            39.4836765
          ],
          [
            -0.3595063,
            39.4839904
          ],
          [
            -0.3596626,
            39.4840363
          ],
          [
            -0.3608403,
            39.4843807
          ],
          [
            -0.3609824,
            39.4844223
          ],
          [
            -0.361933,
            39.4847006
          ],
          [
            -0.3623153,
            39.4848125
          ],
          [
            -0.3627231,
            39.4849332
          ],
          [
            -0.3630382,
            39.4850264
          ],
          [
            -0.3634267,
            39.4851411
          ],
          [
            -0.3635779,
            39.4851858
          ],
          [
            -0.3637041,
            39.4852223
          ],
          [
            -0.3637821,
            39.4852448
          ],
          [
            -0.3647142,
            39.4855161
          ],
          [
            -0.3651612,
            39.4856476
          ],
          [
            -0.3655382,
            39.4857625
          ],
          [
            -0.3657993,
            39.4858353
          ],
          [
            -0.3658847,
            39.4858605
          ],
          [
            -0.3669803,
            39.4861831
          ],
          [
            -0.3671992,
            39.4862472
          ],
          [
            -0.3674559,
            39.4863223
          ],
          [
            -0.367772,
            39.4864104
          ],
          [
            -0.3679114,
            39.4864465
          ],
          [
            -0.3680114,
            39.4864724
          ],
          [
            -0.3681723,
            39.4865114
          ],
          [
            -0.368224,
            39.4865237
          ],
          [
            -0.3684084,
            39.4865647
          ],
          [
            -0.3690612,
            39.4867158
          ],
          [
            -0.3693034,
            39.4867734
          ],
          [
            -0.3694091,
            39.4867986
          ],
          [
            -0.369454,
            39.4868093
          ],
          [
            -0.3695305,
            39.4868259
          ],
          [
            -0.3695838,
            39.4868356
          ],
          [
            -0.3696456,
            39.4868405
          ],
          [
            -0.3697042,
            39.4868393
          ],
          [
            -0.3697691,
            39.4868307
          ],
          [
            -0.3698341,
            39.4868099
          ],
          [
            -0.3698927,
            39.4867855
          ],
          [
            -0.3699323,
            39.4867647
          ],
          [
            -0.3699734,
            39.4867309
          ],
          [
            -0.3699877,
            39.486717
          ],
          [
            -0.3700146,
            39.4866902
          ],
          [
            -0.3700463,
            39.4866486
          ],
          [
            -0.3700961,
            39.4865705
          ],
          [
            -0.3704438,
            39.4860252
          ],
          [
            -0.3704538,
            39.4860096
          ],
          [
            -0.3705426,
            39.4858704
          ],
          [
            -0.3705975,
            39.4857844
          ],
          [
            -0.3706545,
            39.4856854
          ],
          [
            -0.3706909,
            39.4856157
          ],
          [
            -0.3707115,
            39.4855607
          ],
          [
            -0.3707346,
            39.485494
          ],
          [
            -0.3707611,
            39.4853949
          ],
          [
            -0.3707789,
            39.4853346
          ],
          [
            -0.370793,
            39.4852847
          ],
          [
            -0.3708052,
            39.4852511
          ],
          [
            -0.3708179,
            39.4852083
          ],
          [
            -0.3708348,
            39.4851628
          ],
          [
            -0.3708638,
            39.4851044
          ],
          [
            -0.3709097,
            39.4850276
          ],
          [
            -0.371042,
            39.4848244
          ],
          [
            -0.3710648,
            39.4847844
          ],
          [
            -0.3714926,
            39.4841188
          ],
          [
            -0.3716301,
            39.4838921
          ],
          [
            -0.3721401,
            39.4830963
          ],
          [
            -0.3722567,
            39.4829153
          ],
          [
            -0.3722716,
            39.4828922
          ],
          [
            -0.3723184,
            39.4828178
          ],
          [
            -0.3723761,
            39.4827259
          ],
          [
            -0.3724101,
            39.4826763
          ],
          [
            -0.3724316,
            39.4826477
          ],
          [
            -0.3724902,
            39.4825695
          ],
          [
            -0.3725569,
            39.482481
          ],
          [
            -0.3725884,
            39.4824399
          ],
          [
            -0.3726085,
            39.4824103
          ],
          [
            -0.3726184,
            39.4823959
          ],
          [
            -0.3727087,
            39.4822614
          ],
          [
            -0.3729692,
            39.4818507
          ],
          [
            -0.3730382,
            39.4817419
          ],
          [
            -0.3730714,
            39.4816832
          ],
          [
            -0.3730789,
            39.4816674
          ],
          [
            -0.3730952,
            39.4816331
          ],
          [
            -0.3731078,
            39.4815878
          ],
          [
            -0.3731089,
            39.481551
          ],
          [
            -0.3731043,
            39.4815133
          ],
          [
            -0.3731047,
            39.4814742
          ],
          [
            -0.3731158,
            39.4814301
          ],
          [
            -0.3731411,
            39.4813874
          ],
          [
            -0.3731823,
            39.4813482
          ],
          [
            -0.3732266,
            39.4813201
          ],
          [
            -0.3732947,
            39.4812969
          ],
          [
            -0.3733692,
            39.4812871
          ],
          [
            -0.3734341,
            39.4812896
          ],
          [
            -0.3734927,
            39.4813079
          ],
          [
            -0.3735434,
            39.4813336
          ],
          [
            -0.3735798,
            39.4813641
          ],
          [
            -0.3736163,
            39.4814106
          ],
          [
            -0.3736305,
            39.4814534
          ],
          [
            -0.3736384,
            39.4814962
          ],
          [
            -0.3736353,
            39.4815353
          ],
          [
            -0.3736178,
            39.4815744
          ],
          [
            -0.3735893,
            39.4816111
          ],
          [
            -0.3735577,
            39.4816404
          ],
          [
            -0.3735196,
            39.4816649
          ],
          [
            -0.3734801,
            39.481682
          ],
          [
            -0.3734246,
            39.4816979
          ],
          [
            -0.3733945,
            39.4817028
          ],
          [
            -0.3733533,
            39.4817064
          ],
          [
            -0.3733074,
            39.4817125
          ],
          [
            -0.3732631,
            39.4817223
          ],
          [
            -0.3732124,
            39.4817394
          ],
          [
            -0.3731696,
            39.481759
          ],
          [
            -0.3731348,
            39.4817859
          ],
          [
            -0.3730999,
            39.4818201
          ],
          [
            -0.373073,
            39.4818556
          ],
          [
            -0.3730553,
            39.4818829
          ],
          [
            -0.3730334,
            39.4819167
          ],
          [
            -0.3730179,
            39.4819409
          ],
          [
            -0.3728677,
            39.4821759
          ],
          [
            -0.3726951,
            39.482445
          ],
          [
            -0.3726538,
            39.4825092
          ],
          [
            -0.3725909,
            39.482611
          ],
          [
            -0.3725207,
            39.4827246
          ],
          [
            -0.3724997,
            39.4827626
          ],
          [
            -0.3724917,
            39.4827932
          ],
          [
            -0.3724854,
            39.4828298
          ],
          [
            -0.3724902,
            39.4829007
          ],
          [
            -0.3724965,
            39.4829741
          ],
          [
            -0.3724955,
            39.4829953
          ],
          [
            -0.372487,
            39.4830266
          ],
          [
            -0.3724727,
            39.4830572
          ],
          [
            -0.3724506,
            39.4830963
          ],
          [
            -0.3721211,
            39.4836146
          ],
          [
            -0.3718344,
            39.484062
          ],
          [
            -0.3717351,
            39.4842167
          ],
          [
            -0.371486,
            39.4846048
          ],
          [
            -0.3713085,
            39.4848818
          ],
          [
            -0.3712822,
            39.4849229
          ],
          [
            -0.3711962,
            39.4850521
          ],
          [
            -0.3710402,
            39.4853041
          ],
          [
            -0.3709764,
            39.4854045
          ],
          [
            -0.3709491,
            39.4854592
          ],
          [
            -0.3709396,
            39.4855045
          ],
          [
            -0.3709317,
            39.485557
          ],
          [
            -0.3709301,
            39.485623
          ],
          [
            -0.3709361,
            39.4856917
          ],
          [
            -0.3709523,
            39.4857428
          ],
          [
            -0.3709782,
            39.4858087
          ],
          [
            -0.3709894,
            39.4858355
          ],
          [
            -0.3710054,
            39.485872
          ],
          [
            -0.3710341,
            39.4859238
          ],
          [
            -0.3710482,
            39.4859485
          ],
          [
            -0.371079,
            39.4859971
          ],
          [
            -0.3711376,
            39.4860729
          ],
          [
            -0.3711882,
            39.4861364
          ],
          [
            -0.3712611,
            39.4862134
          ],
          [
            -0.3713377,
            39.4862801
          ],
          [
            -0.3713926,
            39.4863259
          ],
          [
            -0.3714527,
            39.486376
          ],
          [
            -0.3715272,
            39.4864225
          ],
          [
            -0.3716082,
            39.4864684
          ],
          [
            -0.3716919,
            39.4865154
          ],
          [
            -0.3717787,
            39.4865578
          ],
          [
            -0.3717869,
            39.4865618
          ],
          [
            -0.371893,
            39.486607
          ],
          [
            -0.3719833,
            39.4866376
          ],
          [
            -0.3720942,
            39.4866694
          ],
          [
            -0.3722257,
            39.4866999
          ],
          [
            -0.3723397,
            39.4867183
          ],
          [
            -0.372449,
            39.4867317
          ],
          [
            -0.3725535,
            39.4867391
          ],
          [
            -0.3725939,
            39.4867407
          ],
          [
            -0.3726755,
            39.4867439
          ],
          [
            -0.3727658,
            39.4867425
          ],
          [
            -0.3728481,
            39.4867391
          ],
          [
            -0.3729447,
            39.4867329
          ],
          [
            -0.3729941,
            39.4867285
          ],
          [
            -0.3730049,
            39.4867276
          ],
          [
            -0.373054,
            39.4867232
          ],
          [
            -0.3732282,
            39.4867073
          ],
          [
            -0.3739014,
            39.48664
          ],
          [
            -0.3746476,
            39.4865659
          ],
          [
            -0.374882,
            39.4865425
          ],
          [
            -0.3751581,
            39.4865153
          ],
          [
            -0.375167,
            39.4865144
          ],
          [
            -0.3755171,
            39.4864801
          ],
          [
            -0.3758873,
            39.4864446
          ],
          [
            -0.3759071,
            39.4864427
          ],
          [
            -0.3762858,
            39.4864063
          ],
          [
            -0.3764751,
            39.4863833
          ],
          [
            -0.3776218,
            39.4862697
          ],
          [
            -0.3777612,
            39.4862587
          ],
          [
            -0.3779132,
            39.4862513
          ],
          [
            -0.3780147,
            39.4862482
          ],
          [
            -0.3780304,
            39.4862477
          ],
          [
            -0.3780632,
            39.486247
          ],
          [
            -0.3781578,
            39.4862447
          ],
          [
            -0.3782251,
            39.4862465
          ],
          [
            -0.3783229,
            39.4862505
          ],
          [
            -0.3783994,
            39.486255
          ],
          [
            -0.3785467,
            39.486266
          ],
          [
            -0.3787146,
            39.486277
          ],
          [
            -0.3790599,
            39.4863002
          ],
          [
            -0.3791739,
            39.4863039
          ],
          [
            -0.3792801,
            39.4863027
          ],
          [
            -0.3793751,
            39.4862978
          ],
          [
            -0.3794685,
            39.4862856
          ],
          [
            -0.379562,
            39.4862709
          ],
          [
            -0.3796491,
            39.4862513
          ],
          [
            -0.3797495,
            39.4862281
          ],
          [
            -0.3798259,
            39.4862132
          ],
          [
            -0.3799886,
            39.4861709
          ],
          [
            -0.3808069,
            39.485991
          ],
          [
            -0.380932,
            39.4859702
          ],
          [
            -0.3810349,
            39.4859604
          ],
          [
            -0.3811442,
            39.4859567
          ],
          [
            -0.3812963,
            39.4859567
          ],
          [
            -0.3816827,
            39.4859604
          ],
          [
            -0.3821319,
            39.4859688
          ],
          [
            -0.3822862,
            39.48598
          ],
          [
            -0.3823986,
            39.485991
          ],
          [
            -0.3825222,
            39.4860093
          ],
          [
            -0.3826299,
            39.4860386
          ],
          [
            -0.3827296,
            39.4860753
          ],
          [
            -0.3828183,
            39.4861169
          ],
          [
            -0.3829102,
            39.4861645
          ],
          [
            -0.3829926,
            39.4862171
          ],
          [
            -0.3830447,
            39.486249
          ],
          [
            -0.3831764,
            39.4863798
          ],
          [
            -0.3832718,
            39.4865173
          ],
          [
            -0.3833412,
            39.4866617
          ],
          [
            -0.3834104,
            39.4868337
          ],
          [
            -0.3834727,
            39.4870118
          ],
          [
            -0.3835548,
            39.4872362
          ],
          [
            -0.3837032,
            39.4876443
          ],
          [
            -0.3838206,
            39.4879662
          ],
          [
            -0.38392,
            39.4882335
          ],
          [
            -0.3839335,
            39.4882642
          ],
          [
            -0.3839364,
            39.4882709
          ],
          [
            -0.3839645,
            39.4883257
          ],
          [
            -0.3839836,
            39.4883641
          ],
          [
            -0.3840154,
            39.4884202
          ],
          [
            -0.3840278,
            39.4884382
          ],
          [
            -0.3840693,
            39.4884842
          ],
          [
            -0.3841188,
            39.4885307
          ],
          [
            -0.3841772,
            39.4885841
          ],
          [
            -0.3842182,
            39.4886156
          ],
          [
            -0.3842522,
            39.4886385
          ],
          [
            -0.3843042,
            39.4886722
          ],
          [
            -0.3843592,
            39.4887035
          ],
          [
            -0.3844922,
            39.48877
          ],
          [
            -0.3847324,
            39.4888788
          ],
          [
            -0.3848755,
            39.4889411
          ],
          [
            -0.3850794,
            39.4890263
          ],
          [
            -0.3852757,
            39.489102
          ],
          [
            -0.3854799,
            39.4891756
          ],
          [
            -0.3857327,
            39.4892601
          ],
          [
            -0.3858536,
            39.4893003
          ],
          [
            -0.385973,
            39.489336
          ],
          [
            -0.38606,
            39.4893615
          ],
          [
            -0.3861394,
            39.4893824
          ],
          [
            -0.3862401,
            39.4894077
          ],
          [
            -0.3863889,
            39.4894464
          ],
          [
            -0.386515,
            39.4894772
          ],
          [
            -0.3866562,
            39.4895092
          ],
          [
            -0.3868503,
            39.4895503
          ],
          [
            -0.3870293,
            39.4895838
          ],
          [
            -0.3872771,
            39.4896238
          ],
          [
            -0.3874621,
            39.4896528
          ],
          [
            -0.3878691,
            39.4897082
          ],
          [
            -0.3881554,
            39.4897447
          ],
          [
            -0.3885297,
            39.4897946
          ],
          [
            -0.3888176,
            39.4898336
          ],
          [
            -0.3889022,
            39.4898453
          ],
          [
            -0.3892771,
            39.489897
          ],
          [
            -0.3893986,
            39.4899138
          ],
          [
            -0.3900098,
            39.4899982
          ],
          [
            -0.3902655,
            39.4900345
          ],
          [
            -0.3904795,
            39.4900685
          ],
          [
            -0.3906106,
            39.4900926
          ],
          [
            -0.3906894,
            39.490108
          ],
          [
            -0.3908298,
            39.4901359
          ],
          [
            -0.3909471,
            39.4901647
          ],
          [
            -0.3911354,
            39.490216
          ],
          [
            -0.3911675,
            39.4902248
          ],
          [
            -0.3912097,
            39.4902369
          ],
          [
            -0.3913845,
            39.4902908
          ],
          [
            -0.3915631,
            39.4903538
          ],
          [
            -0.3917823,
            39.4904411
          ],
          [
            -0.3919446,
            39.4905131
          ],
          [
            -0.3921664,
            39.4906216
          ],
          [
            -0.392252,
            39.4906661
          ],
          [
            -0.3923863,
            39.4907427
          ],
          [
            -0.3925337,
            39.490832
          ],
          [
            -0.3926889,
            39.4909335
          ],
          [
            -0.3928569,
            39.4910538
          ],
          [
            -0.3930252,
            39.4911857
          ],
          [
            -0.3931873,
            39.4913287
          ],
          [
            -0.3934287,
            39.4915462
          ],
          [
            -0.3935073,
            39.4916194
          ],
          [
            -0.39356,
            39.4916684
          ],
          [
            -0.3943363,
            39.4923948
          ],
          [
            -0.3943853,
            39.4924421
          ],
          [
            -0.3944797,
            39.4925287
          ],
          [
            -0.3947103,
            39.492747
          ],
          [
            -0.3948958,
            39.4929197
          ],
          [
            -0.3956586,
            39.4936301
          ],
          [
            -0.3957486,
            39.4937143
          ],
          [
            -0.3958165,
            39.4937806
          ],
          [
            -0.3958596,
            39.4938223
          ],
          [
            -0.3960323,
            39.4939873
          ],
          [
            -0.3962873,
            39.4942195
          ],
          [
            -0.3964995,
            39.4944138
          ],
          [
            -0.396686,
            39.494586
          ],
          [
            -0.3967299,
            39.4946265
          ],
          [
            -0.3967936,
            39.4946865
          ],
          [
            -0.3971283,
            39.4950017
          ],
          [
            -0.3974498,
            39.4952975
          ],
          [
            -0.3975407,
            39.4953779
          ],
          [
            -0.3975843,
            39.4954186
          ],
          [
            -0.3976298,
            39.4954611
          ],
          [
            -0.39791,
            39.495725
          ],
          [
            -0.3981543,
            39.495951
          ],
          [
            -0.3983892,
            39.4961751
          ],
          [
            -0.3986399,
            39.4964118
          ],
          [
            -0.398719,
            39.496484
          ],
          [
            -0.3987849,
            39.496535
          ],
          [
            -0.39886,
            39.4965905
          ],
          [
            -0.3989442,
            39.4966395
          ],
          [
            -0.3990344,
            39.4966831
          ],
          [
            -0.3991323,
            39.4967242
          ],
          [
            -0.3993467,
            39.4968102
          ],
          [
            -0.3995422,
            39.4968941
          ],
          [
            -0.3996128,
            39.4969297
          ],
          [
            -0.3996707,
            39.4969633
          ],
          [
            -0.3997114,
            39.4969903
          ],
          [
            -0.3997565,
            39.497017
          ],
          [
            -0.3997902,
            39.497042
          ],
          [
            -0.39984,
            39.4970789
          ],
          [
            -0.3999198,
            39.497143
          ],
          [
            -0.3999865,
            39.4972058
          ],
          [
            -0.4000598,
            39.4972837
          ],
          [
            -0.4001119,
            39.4973478
          ],
          [
            -0.4001608,
            39.4974157
          ],
          [
            -0.4002064,
            39.4974848
          ],
          [
            -0.4002617,
            39.4975715
          ],
          [
            -0.4003122,
            39.4976557
          ],
          [
            -0.4003578,
            39.4977197
          ],
          [
            -0.4003985,
            39.49777
          ],
          [
            -0.4004392,
            39.4978102
          ],
          [
            -0.4005597,
            39.4979283
          ],
          [
            -0.4008919,
            39.4982437
          ],
          [
            -0.4012045,
            39.4985327
          ],
          [
            -0.4013478,
            39.4986684
          ],
          [
            -0.401426,
            39.49874
          ],
          [
            -0.4014895,
            39.4987966
          ],
          [
            -0.4015595,
            39.4988519
          ],
          [
            -0.4017012,
            39.4989624
          ],
          [
            -0.401768,
            39.4990165
          ],
          [
            -0.4018217,
            39.4990617
          ],
          [
            -0.4018738,
            39.499112
          ],
          [
            -0.4020282,
            39.4992512
          ],
          [
            -0.4022599,
            39.49946
          ],
          [
            -0.4025268,
            39.499705
          ],
          [
            -0.4025618,
            39.4997404
          ],
          [
            -0.4025968,
            39.4997804
          ],
          [
            -0.4026277,
            39.4998231
          ],
          [
            -0.4026619,
            39.4998671
          ],
          [
            -0.4027026,
            39.4999073
          ],
          [
            -0.402758,
            39.4999588
          ],
          [
            -0.4028766,
            39.5000637
          ],
          [
            -0.403069,
            39.5002365
          ],
          [
            -0.4036292,
            39.5007592
          ],
          [
            -0.4037153,
            39.5008402
          ],
          [
            -0.4037953,
            39.5009163
          ],
          [
            -0.4038247,
            39.5009549
          ],
          [
            -0.4038409,
            39.5009753
          ],
          [
            -0.4038783,
            39.5010256
          ],
          [
            -0.4039255,
            39.5010872
          ],
          [
            -0.4039776,
            39.5011437
          ],
          [
            -0.4040395,
            39.501204
          ],
          [
            -0.4044824,
            39.5016199
          ],
          [
            -0.4047023,
            39.501826
          ],
          [
            -0.4048814,
            39.5019893
          ],
          [
            -0.4049872,
            39.5020848
          ],
          [
            -0.4050931,
            39.5021702
          ],
          [
            -0.4051794,
            39.5022368
          ],
          [
            -0.4052641,
            39.5022984
          ],
          [
            -0.4053618,
            39.5023612
          ],
          [
            -0.4054611,
            39.502419
          ],
          [
            -0.4055669,
            39.5024693
          ],
          [
            -0.4056891,
            39.5025208
          ],
          [
            -0.4058063,
            39.5025635
          ],
          [
            -0.4059561,
            39.5026087
          ],
          [
            -0.4061075,
            39.5026426
          ],
          [
            -0.4062671,
            39.5026715
          ],
          [
            -0.4064446,
            39.5026979
          ],
          [
            -0.4065961,
            39.5027117
          ],
          [
            -0.4067507,
            39.5027243
          ],
          [
            -0.4069168,
            39.5027306
          ],
          [
            -0.4070862,
            39.5027331
          ],
          [
            -0.4072832,
            39.5027243
          ],
          [
            -0.4074348,
            39.502715
          ],
          [
            -0.4078207,
            39.5026861
          ],
          [
            -0.4079933,
            39.502671
          ],
          [
            -0.4081773,
            39.5026497
          ],
          [
            -0.4083662,
            39.5026233
          ],
          [
            -0.4085307,
            39.5025944
          ],
          [
            -0.4087228,
            39.5025504
          ],
          [
            -0.4089215,
            39.5024989
          ],
          [
            -0.4091169,
            39.5024436
          ],
          [
            -0.4092879,
            39.5023996
          ],
          [
            -0.4093644,
            39.5023846
          ],
          [
            -0.4094344,
            39.502377
          ],
          [
            -0.4094931,
            39.502377
          ],
          [
            -0.40955,
            39.5023795
          ],
          [
            -0.4096119,
            39.5023883
          ],
          [
            -0.4096591,
            39.5023996
          ],
          [
            -0.4097113,
            39.5024147
          ],
          [
            -0.4097796,
            39.5024436
          ],
          [
            -0.4098692,
            39.5024901
          ],
          [
            -0.4099422,
            39.5025371
          ],
          [
            -0.4102079,
            39.5027062
          ],
          [
            -0.4104538,
            39.502867
          ],
          [
            -0.4108039,
            39.5030907
          ],
          [
            -0.4110551,
            39.5032499
          ],
          [
            -0.4110921,
            39.5032754
          ],
          [
            -0.411281,
            39.503391
          ],
          [
            -0.4114845,
            39.5035116
          ],
          [
            -0.4116783,
            39.5036196
          ],
          [
            -0.4118231,
            39.5036933
          ],
          [
            -0.4119059,
            39.5037386
          ],
          [
            -0.4119499,
            39.5037593
          ],
          [
            -0.4119823,
            39.5037755
          ],
          [
            -0.4121212,
            39.5038395
          ],
          [
            -0.4122808,
            39.5039161
          ],
          [
            -0.4123668,
            39.5039555
          ],
          [
            -0.4125185,
            39.5040229
          ],
          [
            -0.4127172,
            39.5041046
          ],
          [
            -0.4129175,
            39.5041812
          ],
          [
            -0.4131406,
            39.5042617
          ],
          [
            -0.4133392,
            39.5043308
          ],
          [
            -0.4136828,
            39.5044438
          ],
          [
            -0.414922,
            39.5048484
          ],
          [
            -0.4160977,
            39.5052278
          ],
          [
            -0.416508,
            39.5053601
          ],
          [
            -0.416723,
            39.5054299
          ],
          [
            -0.4174199,
            39.5056563
          ],
          [
            -0.4175469,
            39.505699
          ],
          [
            -0.4176202,
            39.5057291
          ],
          [
            -0.4176772,
            39.5057593
          ],
          [
            -0.4177277,
            39.5057894
          ],
          [
            -0.4177782,
            39.5058234
          ],
          [
            -0.4178254,
            39.5058673
          ],
          [
            -0.4178596,
            39.50591
          ],
          [
            -0.4178873,
            39.5059653
          ],
          [
            -0.4179052,
            39.5060143
          ],
          [
            -0.4179149,
            39.5060658
          ],
          [
            -0.4179149,
            39.5061161
          ],
          [
            -0.4179101,
            39.5061676
          ],
          [
            -0.417897,
            39.5062103
          ],
          [
            -0.4178824,
            39.5062505
          ],
          [
            -0.4178563,
            39.506302
          ],
          [
            -0.4178254,
            39.5063548
          ],
          [
            -0.4177896,
            39.5064101
          ],
          [
            -0.4175746,
            39.5067204
          ],
          [
            -0.4173357,
            39.5070732
          ],
          [
            -0.4171773,
            39.5072996
          ],
          [
            -0.4171549,
            39.5073347
          ],
          [
            -0.417139,
            39.5073605
          ],
          [
            -0.4171317,
            39.5073725
          ],
          [
            -0.4171122,
            39.5074076
          ],
          [
            -0.4170975,
            39.5074503
          ],
          [
            -0.4170865,
            39.5074854
          ],
          [
            -0.4170861,
            39.5075194
          ],
          [
            -0.4170926,
            39.5075596
          ],
          [
            -0.4170994,
            39.5075898
          ],
          [
            -0.4171284,
            39.5076313
          ],
          [
            -0.4171464,
            39.5076551
          ],
          [
            -0.4171854,
            39.5076878
          ],
          [
            -0.4171923,
            39.5076923
          ],
          [
            -0.4172204,
            39.5077105
          ],
          [
            -0.4172489,
            39.5077267
          ],
          [
            -0.4173108,
            39.5077481
          ],
          [
            -0.418265,
            39.5080584
          ],
          [
            -0.4190107,
            39.5083007
          ],
          [
            -0.4198625,
            39.5085763
          ],
          [
            -0.4202507,
            39.5087028
          ],
          [
            -0.4202968,
            39.5087179
          ],
          [
            -0.4207397,
            39.5088589
          ],
          [
            -0.421139,
            39.508993
          ],
          [
            -0.4213881,
            39.5090746
          ],
          [
            -0.4215347,
            39.5091224
          ],
          [
            -0.4216552,
            39.5091638
          ],
          [
            -0.4217675,
            39.5092078
          ],
          [
            -0.4218571,
            39.5092505
          ],
          [
            -0.4219727,
            39.509307
          ],
          [
            -0.4220829,
            39.5093744
          ],
          [
            -0.4221422,
            39.5094155
          ],
          [
            -0.422184,
            39.5094479
          ],
          [
            -0.4222285,
            39.5094851
          ],
          [
            -0.4222772,
            39.5095307
          ],
          [
            -0.4223195,
            39.5095721
          ],
          [
            -0.4223925,
            39.509655
          ],
          [
            -0.4224417,
            39.5097166
          ],
          [
            -0.4224882,
            39.5097775
          ],
          [
            -0.4225208,
            39.5098263
          ],
          [
            -0.4225469,
            39.5098707
          ],
          [
            -0.422567,
            39.5099038
          ],
          [
            -0.4226501,
            39.5100294
          ],
          [
            -0.4227038,
            39.5101111
          ],
          [
            -0.4227413,
            39.5101689
          ],
          [
            -0.4227836,
            39.5102317
          ],
          [
            -0.4228395,
            39.510305
          ],
          [
            -0.4228634,
            39.5103335
          ],
          [
            -0.4229171,
            39.5103988
          ],
          [
            -0.422966,
            39.5104528
          ],
          [
            -0.423023,
            39.5105144
          ],
          [
            -0.4230914,
            39.5105847
          ],
          [
            -0.4232363,
            39.5107267
          ],
          [
            -0.4234447,
            39.5109402
          ],
          [
            -0.4236271,
            39.5111174
          ],
          [
            -0.4237671,
            39.5112606
          ],
          [
            -0.4239218,
            39.5114113
          ],
          [
            -0.4240016,
            39.5114968
          ],
          [
            -0.424101,
            39.5116036
          ],
          [
            -0.4242052,
            39.5117216
          ],
          [
            -0.4243387,
            39.5118611
          ],
          [
            -0.4244159,
            39.5119377
          ],
          [
            -0.4246728,
            39.5121926
          ],
          [
            -0.4249357,
            39.5124601
          ],
          [
            -0.4251058,
            39.5126287
          ],
          [
            -0.425153,
            39.5126701
          ],
          [
            -0.4251981,
            39.5126992
          ],
          [
            -0.4252384,
            39.5127132
          ],
          [
            -0.4252529,
            39.5127182
          ],
          [
            -0.4253088,
            39.5127323
          ],
          [
            -0.4253743,
            39.5127398
          ],
          [
            -0.4254452,
            39.5127414
          ],
          [
            -0.4255043,
            39.5127331
          ],
          [
            -0.4255538,
            39.5127232
          ],
          [
            -0.4256171,
            39.5127005
          ],
          [
            -0.4256644,
            39.5126793
          ],
          [
            -0.4256988,
            39.512656
          ],
          [
            -0.4257569,
            39.5126172
          ],
          [
            -0.4257955,
            39.5125914
          ],
          [
            -0.4260426,
            39.5124289
          ],
          [
            -0.4262988,
            39.5122602
          ],
          [
            -0.4264588,
            39.5121523
          ],
          [
            -0.4265835,
            39.5120704
          ],
          [
            -0.4266968,
            39.511994
          ],
          [
            -0.4268543,
            39.5118875
          ],
          [
            -0.4270029,
            39.511781
          ],
          [
            -0.427171,
            39.5116472
          ],
          [
            -0.4272896,
            39.5115475
          ],
          [
            -0.4274329,
            39.5114192
          ],
          [
            -0.4277426,
            39.5111352
          ],
          [
            -0.4277709,
            39.5111107
          ],
          [
            -0.4278311,
            39.5110588
          ],
          [
            -0.4279125,
            39.5109919
          ],
          [
            -0.4280151,
            39.510914
          ],
          [
            -0.4281478,
            39.5108144
          ],
          [
            -0.4282717,
            39.5107379
          ],
          [
            -0.428408,
            39.5106642
          ],
          [
            -0.4285177,
            39.5106082
          ],
          [
            -0.4285991,
            39.5105714
          ],
          [
            -0.4287318,
            39.5105154
          ],
          [
            -0.428884,
            39.5104581
          ],
          [
            -0.4291901,
            39.5103447
          ],
          [
            -0.4292865,
            39.5103127
          ],
          [
            -0.4295724,
            39.5102123
          ],
          [
            -0.429882,
            39.5100976
          ],
          [
            -0.4300327,
            39.5100453
          ],
          [
            -0.4304064,
            39.5099157
          ],
          [
            -0.431165,
            39.5096444
          ],
          [
            -0.4312606,
            39.5096089
          ],
          [
            -0.431342,
            39.5095843
          ],
          [
            -0.4314198,
            39.5095665
          ],
          [
            -0.4314924,
            39.5095583
          ],
          [
            -0.4315632,
            39.5095529
          ],
          [
            -0.4316375,
            39.5095583
          ],
          [
            -0.4317136,
            39.5095665
          ],
          [
            -0.4317791,
            39.5095802
          ],
          [
            -0.431841,
            39.5096007
          ],
          [
            -0.4319189,
            39.5096334
          ],
          [
            -0.4319914,
            39.5096744
          ],
          [
            -0.4325028,
            39.5099884
          ]
        ]
      }
    }
  ]
}